Project Name,Field Number,Bin Number,Number Captured,Species,Minimum (mm),Maximum (mm),Year
2023 Lake Chubsucker - St. Clair NWA,2023-LCS-NWA-080823-001A,1,12,Lepomis gibbosus,71,117,2023
2023 Lake Chubsucker - St. Clair NWA,2023-LCS-NWA-080823-001A,1,8,Lepomis macrochirus,28,111,2023
2023 Lake Chubsucker - St. Clair NWA,2023-LCS-NWA-080823-001A,1,1,Micropterus nigricans,64,64,2023
2023 Lake Chubsucker - St. Clair NWA,2023-LCS-NWA-080823-001A,1,2,Pomoxis nigromaculatus,61,129,2023
2023 Lake Chubsucker - St. Clair NWA,2023-LCS-NWA-080823-002A,1,4,Lepomis gibbosus,86,152,2023
2023 Lake Chubsucker - St. Clair NWA,2023-LCS-NWA-080823-002A,1,3,Pomoxis nigromaculatus,47,244,2023
2023 Lake Chubsucker - St. Clair NWA,2023-LCS-NWA-080823-002A,1,1,Amia ocellicauda,425,425,2023
2023 Lake Chubsucker - St. Clair NWA,2023-LCS-NWA-080823-003A,1,14,Lepomis gibbosus,109,155,2023
2023 Lake Chubsucker - St. Clair NWA,2023-LCS-NWA-080823-003A,1,2,Pomoxis nigromaculatus,113,125,2023
2023 Lake Chubsucker - St. Clair NWA,2023-LCS-NWA-080823-003A,1,3,Micropterus nigricans,72,351,2023
2023 Lake Chubsucker - St. Clair NWA,2023-LCS-NWA-080823-003A,1,1,Umbra limi,29,29,2023
2023 Lake Chubsucker - St. Clair NWA,2023-LCS-NWA-080823-003A,1,1,Amia ocellicauda,516,516,2023
2023 Lake Chubsucker - St. Clair NWA,2023-LCS-NWA-080823-004A,1,2,Lepomis macrochirus,56,56,2023
2023 Lake Chubsucker - St. Clair NWA,2023-LCS-NWA-080823-004A,1,9,Pomoxis nigromaculatus,51,139,2023
2023 Lake Chubsucker - St. Clair NWA,2023-LCS-NWA-080823-004A,1,5,Micropterus nigricans,72,234,2023
2023 Lake Chubsucker - St. Clair NWA,2023-LCS-NWA-080823-004A,1,2,Notemigonus crysoleucas,47,53,2023
2023 Lake Chubsucker - St. Clair NWA,2023-LCS-NWA-080823-004A,1,5,Lepomis gibbosus,69,140,2023
2023 Lake Chubsucker - St. Clair NWA,2023-LCS-NWA-080823-004A,1,1,Umbra limi,27,27,2023
2023 Lake Chubsucker - St. Clair NWA,2023-LCS-NWA-080823-004A,1,12,Erimyzon sucetta,35,49,2023
2023 Lake Chubsucker - St. Clair NWA,2023-LCS-NWA-080823-004A,1,1,Ameiurus melas,306,306,2023
2023 Lake Chubsucker - St. Clair NWA,2023-LCS-NWA-080823-004A,1,1,Amia ocellicauda,454,454,2023
2023 Lake Chubsucker - St. Clair NWA,2023-LCS-NWA-080823-005A,1,1,Amia ocellicauda,385,385,2023
2023 Lake Chubsucker - St. Clair NWA,2023-LCS-NWA-080823-005A,1,4,Micropterus nigricans,140,237,2023
2023 Lake Chubsucker - St. Clair NWA,2023-LCS-NWA-080823-005A,1,1,Pomoxis nigromaculatus,203,203,2023
2023 Lake Chubsucker - St. Clair NWA,2023-LCS-NWA-080823-005A,1,7,Lepomis gibbosus,118,159,2023
2023 Lake Chubsucker - St. Clair NWA,2023-LCS-NWA-080823-005A,1,1,Erimyzon sucetta,209,209,2023
2023 Lake Chubsucker - St. Clair NWA,2023-LCS-NWA-090823-001A,1,6,Pomoxis nigromaculatus,38,233,2023
2023 Lake Chubsucker - St. Clair NWA,2023-LCS-NWA-090823-001A,1,8,Lepomis macrochirus,33,177,2023
2023 Lake Chubsucker - St. Clair NWA,2023-LCS-NWA-090823-001A,1,1,Notemigonus crysoleucas,94,94,2023
2023 Lake Chubsucker - St. Clair NWA,2023-LCS-NWA-090823-001A,1,8,Lepomis sp,20,30,2023
2023 Lake Chubsucker - St. Clair NWA,2023-LCS-NWA-090823-001A,1,5,Lepomis gibbosus,44,127,2023
2023 Lake Chubsucker - St. Clair NWA,2023-LCS-NWA-090823-002A,1,10,Lepomis gibbosus,69,169,2023
2023 Lake Chubsucker - St. Clair NWA,2023-LCS-NWA-090823-002A,1,11,Lepomis macrochirus,33,43,2023
2023 Lake Chubsucker - St. Clair NWA,2023-LCS-NWA-090823-002A,1,4,Micropterus nigricans,66,294,2023
2023 Lake Chubsucker - St. Clair NWA,2023-LCS-NWA-090823-002A,1,1,Notemigonus crysoleucas,50,50,2023
2023 Lake Chubsucker - St. Clair NWA,2023-LCS-NWA-090823-002A,1,2,Umbra limi,29,38,2023
2023 Lake Chubsucker - St. Clair NWA,2023-LCS-NWA-090823-002A,1,1,Pomoxis nigromaculatus,57,57,2023
2023 Lake Chubsucker - St. Clair NWA,2023-LCS-NWA-090823-002A,1,1,Lepomis sp,35,35,2023
2023 Lake Chubsucker - St. Clair NWA,2023-LCS-NWA-090823-003A,1,4,Lepomis gibbosus,66,81,2023
2023 Lake Chubsucker - St. Clair NWA,2023-LCS-NWA-090823-003A,1,5,Pomoxis nigromaculatus,58,174,2023
2023 Lake Chubsucker - St. Clair NWA,2023-LCS-NWA-090823-003A,1,1,Lepomis macrochirus,37,37,2023
2023 Lake Chubsucker - St. Clair NWA,2023-LCS-NWA-090823-003A,1,1,Lepomis sp,30,34,2023
2023 Lake Chubsucker - St. Clair NWA,2023-LCS-NWA-090823-003A,1,1,Micropterus nigricans,50,50,2023
2023 Lake Chubsucker - St. Clair NWA,2023-LCS-NWA-090823-003A,1,1,Amia ocellicauda,464,464,2023
2023 Lake Chubsucker - St. Clair NWA,2023-LCS-NWA-090823-004A,1,1,Lepomis gibbosus,84,84,2023
2023 Lake Chubsucker - St. Clair NWA,2023-LCS-NWA-090823-004A,1,2,Pomoxis nigromaculatus,114,225,2023
2023 Lake Chubsucker - St. Clair NWA,2023-LCS-NWA-090823-004A,1,2,Umbra limi,47,47,2023
2023 Lake Chubsucker - St. Clair NWA,2023-LCS-NWA-090823-004A,1,1,Ameiurus melas,294,294,2023
2023 Lake Chubsucker - St. Clair NWA,2023-LCS-NWA-090823-005A,1,17,Lepomis gibbosus,84,134,2023
2023 Lake Chubsucker - St. Clair NWA,2023-LCS-NWA-090823-005A,1,2,Lepomis macrochirus,99,99,2023
2023 Lake Chubsucker - St. Clair NWA,2023-LCS-NWA-090823-005A,1,4,Micropterus nigricans,61,193,2023
2023 Lake Chubsucker - St. Clair NWA,2023-LCS-NWA-090823-005A,1,1,Umbra limi,38,38,2023
2023 Lake Chubsucker - St. Clair NWA,2023-LCS-NWA-090823-005A,1,2,Amia ocellicauda,407,410,2023
2023 Lake Chubsucker - St. Clair NWA,2023-LCS-NWA-090823-006A,1,3,Amia ocellicauda,388,576,2023
2023 Lake Chubsucker - St. Clair NWA,2023-LCS-NWA-090823-006A,1,1,Lepomis macrochirus,179,179,2023
2023 Lake Chubsucker - St. Clair NWA,2023-LCS-NWA-090823-006A,1,6,Lepomis gibbosus,113,141,2023
2023 Lake Chubsucker - St. Clair NWA,2023-LCS-NWA-100823-001A,1,1,Lepomis gibbosus,69,69,2023
2023 Lake Chubsucker - St. Clair NWA,2023-LCS-NWA-100823-001A,1,4,Lepomis sp,29,35,2023
2023 Lake Chubsucker - St. Clair NWA,2023-LCS-NWA-100823-001A,1,5,Pomoxis nigromaculatus,64,232,2023
2023 Lake Chubsucker - St. Clair NWA,2023-LCS-NWA-100823-001A,1,1,Lepomis macrochirus,38,38,2023
2023 Lake Chubsucker - St. Clair NWA,2023-LCS-NWA-100823-001A,1,1,Ameiurus melas,304,304,2023
2023 Lake Chubsucker - St. Clair NWA,2023-LCS-NWA-100823-002A,1,33,Lepomis macrochirus,28,129,2023
2023 Lake Chubsucker - St. Clair NWA,2023-LCS-NWA-100823-002A,1,104,Lepomis sp,19,44,2023
2023 Lake Chubsucker - St. Clair NWA,2023-LCS-NWA-100823-002A,1,2,Notemigonus crysoleucas,96,126,2023
2023 Lake Chubsucker - St. Clair NWA,2023-LCS-NWA-100823-002A,1,1,Micropterus nigricans,62,62,2023
2023 Lake Chubsucker - St. Clair NWA,2023-LCS-NWA-100823-002A,1,4,Pomoxis nigromaculatus,183,246,2023
2023 Lake Chubsucker - St. Clair NWA,2023-LCS-NWA-100823-002A,1,4,Lepomis gibbosus,47,183,2023
2023 Lake Chubsucker - St. Clair NWA,2023-LCS-NWA-100823-003A,1,2,Notemigonus crysoleucas,100,100,2023
2023 Lake Chubsucker - St. Clair NWA,2023-LCS-NWA-100823-003A,1,5,Lepomis sp,32,37,2023
2023 Lake Chubsucker - St. Clair NWA,2023-LCS-NWA-100823-003A,1,1,Lepomis gibbosus,160,160,2023
2023 Lake Chubsucker - St. Clair NWA,2023-LCS-NWA-100823-003A,1,1,Micropterus nigricans,71,71,2023
2023 Lake Chubsucker - St. Clair NWA,2023-LCS-NWA-100823-003A,1,2,Lepomis macrochirus,39,104,2023
2023 Lake Chubsucker - St. Clair NWA,2023-LCS-NWA-100823-003A,1,3,Pomoxis nigromaculatus,127,242,2023
2023 Lake Chubsucker - St. Clair NWA,2023-LCS-NWA-100823-003A,1,1,Ameiurus melas,291,291,2023
2023 Lake Chubsucker - St. Clair NWA,2023-LCS-NWA-100823-003A,1,1,Amia ocellicauda,519,519,2023
2023 Lake Chubsucker - St. Clair NWA,2023-LCS-NWA-100823-004A,1,2,Pomoxis nigromaculatus,65,137,2023
2023 Lake Chubsucker - St. Clair NWA,2023-LCS-NWA-100823-004A,1,2,Micropterus nigricans,64,65,2023
2023 Lake Chubsucker - St. Clair NWA,2023-LCS-NWA-100823-004A,1,5,Lepomis macrochirus,35,184,2023
2023 Lake Chubsucker - St. Clair NWA,2023-LCS-NWA-100823-004A,1,22,Notemigonus crysoleucas,49,64,2023
2023 Lake Chubsucker - St. Clair NWA,2023-LCS-NWA-100823-004A,1,9,Lepomis gibbosus,35,163,2023
2023 Lake Chubsucker - St. Clair NWA,2023-LCS-NWA-100823-004A,1,1,Esox lucius,373,373,2023
2023 Lake Chubsucker - St. Clair NWA,2023-LCS-NWA-100823-005A,1,7,Ameiurus melas,291,330,2023
2023 Lake Chubsucker - St. Clair NWA,2023-LCS-NWA-100823-005A,1,1,Micropterus nigricans,223,223,2023
2023 Lake Chubsucker - St. Clair NWA,2023-LCS-NWA-100823-005A,1,4,Lepomis gibbosus,131,182,2023
2023 Lake Chubsucker - St. Clair NWA,2023-LCS-NWA-100823-005A,1,1,Amia ocellicauda,464,464,2023
2023 Lake Chubsucker - St. Clair NWA,2023-LCS-NWA-100823-006A,1,1,Carassius auratus X Cyprinus carpio,95,95,2023
2023 Lake Chubsucker - St. Clair NWA,2023-LCS-NWA-100823-006A,1,12,Lepomis macrochirus,37,110,2023
2023 Lake Chubsucker - St. Clair NWA,2023-LCS-NWA-100823-006A,1,1,Notemigonus crysoleucas,111,111,2023
2023 Lake Chubsucker - St. Clair NWA,2023-LCS-NWA-100823-006A,1,12,Lepomis gibbosus,39,174,2023
2023 Lake Chubsucker - St. Clair NWA,2023-LCS-NWA-100823-006A,1,7,Micropterus nigricans,54,71,2023
2023 Lake Chubsucker - St. Clair NWA,2023-LCS-NWA-100823-006A,1,17,Lepomis sp,32,38,2023
2023 Lake Chubsucker - St. Clair NWA,2023-LCS-NWA-100823-006A,1,1,Carassius auratus,284,284,2023
2023 Lake Chubsucker - St. Clair NWA,2023-LCS-NWA-140823-001A,1,3,Lepomis gibbosus,73,196,2023
2023 Lake Chubsucker - St. Clair NWA,2023-LCS-NWA-140823-001A,1,2,Ameiurus melas,260,285,2023
2023 Lake Chubsucker - St. Clair NWA,2023-LCS-NWA-140823-001A,1,1,Micropterus nigricans,69,69,2023
2023 Lake Chubsucker - St. Clair NWA,2023-LCS-NWA-140823-001A,1,1,Umbra limi,43,43,2023
2023 Lake Chubsucker - St. Clair NWA,2023-LCS-NWA-140823-001A,1,1,Amia ocellicauda,576,576,2023
2023 Lake Chubsucker - St. Clair NWA,2023-LCS-NWA-140823-002A,1,27,Notemigonus crysoleucas,47,57,2023
2023 Lake Chubsucker - St. Clair NWA,2023-LCS-NWA-140823-002A,1,4,Lepomis sp,35,105,2023
2023 Lake Chubsucker - St. Clair NWA,2023-LCS-NWA-140823-002A,1,8,Lepomis gibbosus,66,142,2023
2023 Lake Chubsucker - St. Clair NWA,2023-LCS-NWA-140823-002A,1,1,Umbra limi,40,40,2023
2023 Lake Chubsucker - St. Clair NWA,2023-LCS-NWA-140823-002A,1,1,Micropterus nigricans,59,59,2023
2023 Lake Chubsucker - St. Clair NWA,2023-LCS-NWA-140823-002A,1,3,Erimyzon sucetta,50,55,2023
2023 Lake Chubsucker - St. Clair NWA,2023-LCS-NWA-140823-002A,1,1,Amia ocellicauda,532,532,2023
2023 Lake Chubsucker - St. Clair NWA,2023-LCS-NWA-140823-003A,1,2,Pomoxis nigromaculatus,129,249,2023
2023 Lake Chubsucker - St. Clair NWA,2023-LCS-NWA-140823-003A,1,2,Lepomis macrochirus,37,188,2023
2023 Lake Chubsucker - St. Clair NWA,2023-LCS-NWA-140823-003A,1,1,Micropterus nigricans,82,82,2023
2023 Lake Chubsucker - St. Clair NWA,2023-LCS-NWA-140823-003A,1,12,Lepomis gibbosus,41,143,2023
2023 Lake Chubsucker - St. Clair NWA,2023-LCS-NWA-140823-003A,1,7,Lepomis sp,17,44,2023
2023 Lake Chubsucker - St. Clair NWA,2023-LCS-NWA-140823-004A,1,16,Lepomis sp,25,40,2023
2023 Lake Chubsucker - St. Clair NWA,2023-LCS-NWA-140823-004A,1,18,Lepomis gibbosus,33,124,2023
2023 Lake Chubsucker - St. Clair NWA,2023-LCS-NWA-140823-004A,1,1,Pomoxis nigromaculatus,51,51,2023
2023 Lake Chubsucker - St. Clair NWA,2023-LCS-NWA-140823-004A,1,1,Amia ocellicauda,536,536,2023
2023 Lake Chubsucker - St. Clair NWA,2023-LCS-NWA-140823-004A,1,2,Erimyzon sucetta,52,60,2023
2023 Lake Chubsucker - St. Clair NWA,2023-LCS-NWA-140823-005A,1,11,Notemigonus crysoleucas,49,56,2023
2023 Lake Chubsucker - St. Clair NWA,2023-LCS-NWA-140823-005A,1,7,Lepomis gibbosus,31,42,2023
2023 Lake Chubsucker - St. Clair NWA,2023-LCS-NWA-140823-005A,1,4,Lepomis macrochirus,32,38,2023
2023 Lake Chubsucker - St. Clair NWA,2023-LCS-NWA-140823-005A,1,1,Pomoxis nigromaculatus,194,194,2023
2023 Lake Chubsucker - St. Clair NWA,2023-LCS-NWA-140823-005A,1,2,Micropterus nigricans,55,64,2023
2023 Lake Chubsucker - St. Clair NWA,2023-LCS-NWA-140823-005A,1,3,Amia ocellicauda,415,471,2023
2023 Lake Chubsucker - St. Clair NWA,2023-LCS-NWA-140823-005A,1,1,Carassius auratus X Cyprinus carpio,507,507,2023
2023 Lake Chubsucker - St. Clair NWA,2023-LCS-NWA-140823-005A,1,1,Ameiurus nebulosus,291,291,2023
2023 Lake Chubsucker - St. Clair NWA,2023-LCS-NWA-140823-005A,1,1,Lepomis sp,37,37,2023
2023 Lake Chubsucker - St. Clair NWA,2023-LCS-NWA-140823-006A,1,2,Pomoxis nigromaculatus,54,61,2023
2023 Lake Chubsucker - St. Clair NWA,2023-LCS-NWA-150823-001A,1,1,Micropterus nigricans,77,77,2023
2023 Lake Chubsucker - St. Clair NWA,2023-LCS-NWA-150823-001A,1,1,Lepomis gibbosus,71,71,2023
2023 Lake Chubsucker - St. Clair NWA,2023-LCS-NWA-150823-001A,1,1,Umbra limi,42,42,2023
2023 Lake Chubsucker - St. Clair NWA,2023-LCS-NWA-150823-002A,1,2,Amia ocellicauda,469,482,2023
2023 Lake Chubsucker - St. Clair NWA,2023-LCS-NWA-150823-002A,1,9,Lepomis gibbosus,31,68,2023
2023 Lake Chubsucker - St. Clair NWA,2023-LCS-NWA-150823-002A,1,12,Lepomis sp,29,36,2023
2023 Lake Chubsucker - St. Clair NWA,2023-LCS-NWA-150823-002A,1,3,Notemigonus crysoleucas,47,56,2023
2023 Lake Chubsucker - St. Clair NWA,2023-LCS-NWA-150823-002A,1,1,Pomoxis nigromaculatus,59,59,2023
2023 Lake Chubsucker - St. Clair NWA,2023-LCS-NWA-150823-003A,1,5,Pomoxis nigromaculatus,61,147,2023
2023 Lake Chubsucker - St. Clair NWA,2023-LCS-NWA-150823-003A,1,2,Amia ocellicauda,394,419,2023
2023 Lake Chubsucker - St. Clair NWA,2023-LCS-NWA-150823-003A,1,36,Lepomis gibbosus,62,119,2023
2023 Lake Chubsucker - St. Clair NWA,2023-LCS-NWA-150823-003A,1,2,Lepomis sp,38,44,2023
2023 Lake Chubsucker - St. Clair NWA,2023-LCS-NWA-150823-003A,1,1,Notemigonus crysoleucas,79,79,2023
2023 Lake Chubsucker - St. Clair NWA,2023-LCS-NWA-150823-003A,1,1,Micropterus nigricans,66,66,2023
2023 Lake Chubsucker - St. Clair NWA,2023-LCS-NWA-150823-003A,1,1,Cyprinus carpio,66,66,2023
2023 Lake Chubsucker - St. Clair NWA,2023-LCS-NWA-150823-005A,1,3,Lepomis gibbosus,81,114,2023
2023 Lake Chubsucker - St. Clair NWA,2023-LCS-NWA-150823-005A,1,2,Notemigonus crysoleucas,46,50,2023
2023 Lake Chubsucker - St. Clair NWA,2023-LCS-NWA-150823-005A,1,2,Micropterus nigricans,73,94,2023
2023 Lake Chubsucker - St. Clair NWA,2023-LCS-NWA-150823-005A,1,1,Umbra limi,89,89,2023
2023 Lake Chubsucker - St. Clair NWA,2023-LCS-NWA-150823-005A,1,3,Carassius auratus,66,69,2023
2023 Lake Chubsucker - St. Clair NWA,2023-LCS-NWA-150823-004A,1,4,Pomoxis nigromaculatus,58,145,2023
2023 Lake Chubsucker - St. Clair NWA,2023-LCS-NWA-150823-004A,1,1,Amia ocellicauda,448,448,2023
2023 Lake Chubsucker - St. Clair NWA,2023-LCS-NWA-150823-004A,1,7,Lepomis gibbosus,69,137,2023
2023 Lake Chubsucker - St. Clair NWA,2023-LCS-NWA-150823-004A,1,1,Lepomis sp,30,30,2023
2023 Lake Chubsucker - St. Clair NWA,2023-LCS-NWA-150823-004A,1,2,Micropterus nigricans,72,73,2023
2023 Lake Chubsucker - St. Clair NWA,2023-LCS-NWA-150823-004A,1,5,Carassius auratus,54,140,2023
2023 Lake Chubsucker - St. Clair NWA,2023-LCS-NWA-210823-001A,1,2,Pomoxis nigromaculatus,149,190,2023
2023 Lake Chubsucker - St. Clair NWA,2023-LCS-NWA-210823-001A,1,3,Amia ocellicauda,379,536,2023
2023 Lake Chubsucker - St. Clair NWA,2023-LCS-NWA-210823-001A,1,40,Erimyzon sucetta,45,179,2023
2023 Lake Chubsucker - St. Clair NWA,2023-LCS-NWA-210823-001A,1,48,Lepomis gibbosus,37,188,2023
2023 Lake Chubsucker - St. Clair NWA,2023-LCS-NWA-210823-001A,1,31,Lepomis sp,29,49,2023
2023 Lake Chubsucker - St. Clair NWA,2023-LCS-NWA-210823-001A,1,43,Lepomis macrochirus,32,177,2023
2023 Lake Chubsucker - St. Clair NWA,2023-LCS-NWA-210823-001A,1,21,Notemigonus crysoleucas,45,62,2023
2023 Lake Chubsucker - St. Clair NWA,2023-LCS-NWA-210823-001A,1,9,Micropterus nigricans,54,76,2023
2023 Lake Chubsucker - St. Clair NWA,2023-LCS-NWA-220823-001A,1,1,Pomoxis nigromaculatus,247,247,2023
2023 Lake Chubsucker - St. Clair NWA,2023-LCS-NWA-220823-001A,1,4,Amia ocellicauda,430,525,2023
2023 Lake Chubsucker - St. Clair NWA,2023-LCS-NWA-220823-001A,1,8,Lepomis gibbosus,39,183,2023
2023 Lake Chubsucker - St. Clair NWA,2023-LCS-NWA-220823-001A,1,2,Lepomis sp,33,39,2023
2023 Lake Chubsucker - St. Clair NWA,2023-LCS-NWA-220823-001A,1,2,Ameiurus nebulosus,274,296,2023
2023 Lake Chubsucker - St. Clair NWA,2023-LCS-NWA-220823-002A,1,5,Lepomis macrochirus,35,184,2023
2023 Lake Chubsucker - St. Clair NWA,2023-LCS-NWA-220823-002A,1,2,Amia ocellicauda,495,522,2023
2023 Lake Chubsucker - St. Clair NWA,2023-LCS-NWA-220823-002A,1,4,Erimyzon sucetta,58,70,2023
2023 Lake Chubsucker - St. Clair NWA,2023-LCS-NWA-220823-002A,1,17,Lepomis gibbosus,32,86,2023
2023 Lake Chubsucker - St. Clair NWA,2023-LCS-NWA-220823-002A,1,82,Lepomis sp,21,46,2023
2023 Lake Chubsucker - St. Clair NWA,2023-LCS-NWA-220823-002A,1,1,Micropterus nigricans,56,56,2023
2023 Lake Chubsucker - St. Clair NWA,2023-LCS-NWA-220823-003A,11,2,Pomoxis nigromaculatus,147,195,2023
2023 Lake Chubsucker - St. Clair NWA,2023-LCS-NWA-220823-003A,11,5,Amia ocellicauda,405,559,2023
2023 Lake Chubsucker - St. Clair NWA,2023-LCS-NWA-220823-003A,11,2,Lepomis gibbosus,70,76,2023
2023 Lake Chubsucker - St. Clair NWA,2023-LCS-NWA-220823-004A,1,14,Lepomis gibbosus,36,84,2023
2023 Lake Chubsucker - St. Clair NWA,2023-LCS-NWA-220823-005A,1,3,Lepomis macrochirus,86,181,2023
2023 Lake Chubsucker - St. Clair NWA,2023-LCS-NWA-220823-005A,1,3,Amia ocellicauda,327,448,2023
2023 Lake Chubsucker - St. Clair NWA,2023-LCS-NWA-220823-005A,1,6,Lepomis gibbosus,33,186,2023
2023 Lake Chubsucker - St. Clair NWA,2023-LCS-NWA-220823-005A,1,3,Lepomis sp,31,45,2023
2023 Lake Chubsucker - St. Clair NWA,2023-LCS-NWA-220823-005A,1,2,Micropterus nigricans,90,90,2023
2023 Lake Chubsucker - St. Clair NWA,2023-LCS-NWA-220823-006A,1,1,Pomoxis nigromaculatus,73,73,2023
2023 Lake Chubsucker - St. Clair NWA,2023-LCS-NWA-220823-006A,1,2,Lepomis gibbosus,97,140,2023
2023 Lake Chubsucker - St. Clair NWA,2023-LCS-NWA-220823-006A,1,1,Cyprinus carpio,533,533,2023
2023 Lake Chubsucker - St. Clair NWA,2023-LCS-NWA-240823-001A,1,12,Pomoxis nigromaculatus,190,280,2023
2023 Lake Chubsucker - St. Clair NWA,2023-LCS-NWA-240823-001A,1,3,Lepomis macrochirus,144,209,2023
2023 Lake Chubsucker - St. Clair NWA,2023-LCS-NWA-240823-001A,1,5,Amia ocellicauda,462,610,2023
2023 Lake Chubsucker - St. Clair NWA,2023-LCS-NWA-240823-001A,1,45,Lepomis gibbosus,140,187,2023
2023 Lake Chubsucker - St. Clair NWA,2023-LCS-NWA-240823-001A,1,1,Micropterus nigricans,318,318,2023
2023 Lake Chubsucker - St. Clair NWA,2023-LCS-NWA-240823-001A,1,1,Ameiurus melas,318,318,2023
2023 Lake Chubsucker - St. Clair NWA,2023-LCS-NWA-240823-001A,1,1,Ameiurus natalis,296,296,2023
2023 Lake Chubsucker - St. Clair NWA,2023-LCS-NWA-240823-002A,1,1,Pomoxis nigromaculatus,197,197,2023
2023 Lake Chubsucker - St. Clair NWA,2023-LCS-NWA-240823-002A,1,2,Lepomis macrochirus,37,39,2023
2023 Lake Chubsucker - St. Clair NWA,2023-LCS-NWA-240823-002A,1,1,Amia ocellicauda,380,380,2023
2023 Lake Chubsucker - St. Clair NWA,2023-LCS-NWA-240823-002A,1,4,Erimyzon sucetta,49,54,2023
2023 Lake Chubsucker - St. Clair NWA,2023-LCS-NWA-240823-002A,1,20,Lepomis gibbosus,32,185,2023
2023 Lake Chubsucker - St. Clair NWA,2023-LCS-NWA-240823-002A,1,5,Lepomis sp,34,42,2023
2023 Lake Chubsucker - St. Clair NWA,2023-LCS-NWA-240823-004A,1,1,Pomoxis nigromaculatus,282,282,2023
2023 Lake Chubsucker - St. Clair NWA,2023-LCS-NWA-240823-004A,1,1,Lepomis macrochirus,190,190,2023
2023 Lake Chubsucker - St. Clair NWA,2023-LCS-NWA-240823-004A,1,7,Lepomis gibbosus,43,143,2023
2023 Lake Chubsucker - St. Clair NWA,2023-LCS-NWA-240823-005A,1,3,Pomoxis nigromaculatus,157,230,2023
2023 Lake Chubsucker - St. Clair NWA,2023-LCS-NWA-240823-005A,1,6,Lepomis macrochirus,125,189,2023
2023 Lake Chubsucker - St. Clair NWA,2023-LCS-NWA-240823-005A,1,3,Amia ocellicauda,423,454,2023
2023 Lake Chubsucker - St. Clair NWA,2023-LCS-NWA-240823-005A,1,1,Erimyzon sucetta,177,177,2023
2023 Lake Chubsucker - St. Clair NWA,2023-LCS-NWA-240823-005A,1,15,Lepomis gibbosus,46,195,2023
2023 Lake Chubsucker - St. Clair NWA,2023-LCS-NWA-240823-005A,1,1,Micropterus nigricans,308,308,2023
2023 Lake Chubsucker - St. Clair NWA,2023-LCS-NWA-240823-005A,1,2,Ameiurus melas,215,315,2023
2023 Lake Chubsucker - St. Clair NWA,2023-LCS-NWA-240823-006A,1,1,Pomoxis nigromaculatus,230,230,2023
2023 Lake Chubsucker - St. Clair NWA,2023-LCS-NWA-240823-006A,1,8,Amia ocellicauda,394,493,2023
2023 Lake Chubsucker - St. Clair NWA,2023-LCS-NWA-240823-006A,1,11,Lepomis gibbosus,103,186,2023
2023 Lake Chubsucker - St. Clair NWA,2023-LCS-NWA-240823-006A,1,1,Ameiurus melas,316,316,2023
2023 Lake Chubsucker - St. Clair NWA,2023-LCS-NWA-280823-001A,1,4,Pomoxis nigromaculatus,76,212,2023
2023 Lake Chubsucker - St. Clair NWA,2023-LCS-NWA-280823-001A,1,5,Lepomis macrochirus,133,155,2023
2023 Lake Chubsucker - St. Clair NWA,2023-LCS-NWA-280823-001A,1,1,Amia ocellicauda,432,432,2023
2023 Lake Chubsucker - St. Clair NWA,2023-LCS-NWA-280823-001A,1,3,Erimyzon sucetta,125,242,2023
2023 Lake Chubsucker - St. Clair NWA,2023-LCS-NWA-280823-001A,1,14,Lepomis gibbosus,42,184,2023
2023 Lake Chubsucker - St. Clair NWA,2023-LCS-NWA-280823-001A,1,1,Lepomis sp,35,35,2023
2023 Lake Chubsucker - St. Clair NWA,2023-LCS-NWA-280823-002A,1,3,Lepomis macrochirus,43,150,2023
2023 Lake Chubsucker - St. Clair NWA,2023-LCS-NWA-280823-002A,1,7,Amia ocellicauda,452,558,2023
2023 Lake Chubsucker - St. Clair NWA,2023-LCS-NWA-280823-002A,1,4,Lepomis sp,22,32,2023
2023 Lake Chubsucker - St. Clair NWA,2023-LCS-NWA-280823-003A,1,4,Pomoxis nigromaculatus,65,241,2023
2023 Lake Chubsucker - St. Clair NWA,2023-LCS-NWA-280823-003A,1,5,Lepomis macrochirus,144,180,2023
2023 Lake Chubsucker - St. Clair NWA,2023-LCS-NWA-280823-003A,1,3,Amia ocellicauda,411,485,2023
2023 Lake Chubsucker - St. Clair NWA,2023-LCS-NWA-280823-003A,1,5,Lepomis gibbosus,86,163,2023
2023 Lake Chubsucker - St. Clair NWA,2023-LCS-NWA-280823-003A,1,1,Notemigonus crysoleucas,105,105,2023
2023 Lake Chubsucker - St. Clair NWA,2023-LCS-NWA-280823-004A,1,1,Pomoxis nigromaculatus,229,229,2023
2023 Lake Chubsucker - St. Clair NWA,2023-LCS-NWA-280823-004A,1,6,Lepomis macrochirus,35,180,2023
2023 Lake Chubsucker - St. Clair NWA,2023-LCS-NWA-280823-004A,1,5,Amia ocellicauda,530,634,2023
2023 Lake Chubsucker - St. Clair NWA,2023-LCS-NWA-280823-004A,1,2,Lepomis gibbosus,36,39,2023
2023 Lake Chubsucker - St. Clair NWA,2023-LCS-NWA-280823-004A,1,8,Lepomis sp,28,50,2023
2023 Lake Chubsucker - St. Clair NWA,2023-LCS-NWA-280823-005A,1,1,Lepomis macrochirus,96,96,2023
2023 Lake Chubsucker - St. Clair NWA,2023-LCS-NWA-280823-005A,1,2,Amia ocellicauda,349,561,2023
2023 Lake Chubsucker - St. Clair NWA,2023-LCS-NWA-280823-005A,1,4,Lepomis gibbosus,52,135,2023
2023 Lake Chubsucker - St. Clair NWA,2023-LCS-NWA-280823-006A,1,1,Amia ocellicauda,466,466,2023
2023 Lake Chubsucker - St. Clair NWA,2023-LCS-NWA-280823-006A,1,1,Erimyzon sucetta,138,138,2023
2023 Lake Chubsucker - St. Clair NWA,2023-LCS-NWA-280823-006A,1,8,Lepomis gibbosus,40,120,2023
2023 Lake Chubsucker - St. Clair NWA,2023-LCS-NWA-280823-006A,1,1,Notemigonus crysoleucas,115,115,2023
2023 Lake Chubsucker - St. Clair NWA,2023-LCS-NWA-280823-006A,1,1,Micropterus nigricans,101,101,2023
2023 Lake Chubsucker - St. Clair NWA,2023-LCS-NWA-290823-001A,1,1,Pomoxis nigromaculatus,225,225,2023
2023 Lake Chubsucker - St. Clair NWA,2023-LCS-NWA-290823-001A,1,4,Lepomis macrochirus,107,150,2023
2023 Lake Chubsucker - St. Clair NWA,2023-LCS-NWA-290823-001A,1,3,Amia ocellicauda,400,495,2023
2023 Lake Chubsucker - St. Clair NWA,2023-LCS-NWA-290823-001A,1,7,Lepomis gibbosus,81,176,2023
2023 Lake Chubsucker - St. Clair NWA,2023-LCS-NWA-290823-002A,1,3,Lepomis gibbosus,67,78,2023
2023 Lake Chubsucker - St. Clair NWA,2023-LCS-NWA-290823-002A,1,1,Notemigonus crysoleucas,54,54,2023
2023 Lake Chubsucker - St. Clair NWA,2023-LCS-NWA-290823-003A,1,3,Pomoxis nigromaculatus,160,258,2023
2023 Lake Chubsucker - St. Clair NWA,2023-LCS-NWA-290823-003A,1,8,Lepomis macrochirus,35,183,2023
2023 Lake Chubsucker - St. Clair NWA,2023-LCS-NWA-290823-003A,1,1,Amia ocellicauda,505,505,2023
2023 Lake Chubsucker - St. Clair NWA,2023-LCS-NWA-290823-003A,1,1,Erimyzon sucetta,210,210,2023
2023 Lake Chubsucker - St. Clair NWA,2023-LCS-NWA-290823-003A,1,5,Lepomis gibbosus,40,163,2023
2023 Lake Chubsucker - St. Clair NWA,2023-LCS-NWA-290823-003A,1,2,Lepomis sp,33,35,2023
2023 Lake Chubsucker - St. Clair NWA,2023-LCS-NWA-290823-003A,1,1,Micropterus nigricans,312,312,2023
2023 Lake Chubsucker - St. Clair NWA,2023-LCS-NWA-290823-004A,1,1,Pomoxis nigromaculatus,69,69,2023
2023 Lake Chubsucker - St. Clair NWA,2023-LCS-NWA-290823-004A,1,2,Lepomis macrochirus,39,44,2023
2023 Lake Chubsucker - St. Clair NWA,2023-LCS-NWA-290823-004A,1,5,Lepomis gibbosus,39,75,2023
2023 Lake Chubsucker - St. Clair NWA,2023-LCS-NWA-290823-004A,1,1,Lepomis sp,41,41,2023
2023 Lake Chubsucker - St. Clair NWA,2023-LCS-NWA-290823-005A,1,2,Pomoxis nigromaculatus,62,65,2023
2023 Lake Chubsucker - St. Clair NWA,2023-LCS-NWA-290823-005A,1,5,Lepomis macrochirus,86,175,2023
2023 Lake Chubsucker - St. Clair NWA,2023-LCS-NWA-290823-005A,1,1,Erimyzon sucetta,122,122,2023
2023 Lake Chubsucker - St. Clair NWA,2023-LCS-NWA-290823-005A,1,11,Lepomis gibbosus,83,184,2023
2023 Lake Chubsucker - St. Clair NWA,2023-LCS-NWA-290823-005A,1,2,Umbra limi,27,27,2023
2023 Lake Chubsucker - St. Clair NWA,2023-LCS-NWA-290823-005A,1,1,Lepomis gibbosus X Lepomis macrochirus,109,109,2023
2023 Lake Chubsucker - St. Clair NWA,2023-LCS-NWA-290823-005A,1,1,Ameiurus melas,125,125,2023
2023 Lake Chubsucker - St. Clair NWA,2023-LCS-NWA-290823-006A,1,1,Pomoxis nigromaculatus,240,240,2023
2023 Lake Chubsucker - St. Clair NWA,2023-LCS-NWA-290823-006A,1,3,Lepomis macrochirus,39,173,2023
2023 Lake Chubsucker - St. Clair NWA,2023-LCS-NWA-290823-006A,1,4,Erimyzon sucetta,40,173,2023
2023 Lake Chubsucker - St. Clair NWA,2023-LCS-NWA-290823-006A,1,9,Lepomis gibbosus,44,188,2023
2023 Lake Chubsucker - St. Clair NWA,2023-LCS-NWA-290823-006A,1,3,Lepomis sp,29,39,2023
2023 Lake Chubsucker - St. Clair NWA,2023-LCS-NWA-290823-006A,1,48,Notemigonus crysoleucas,49,128,2023
2023 Lake Chubsucker - St. Clair NWA,2023-LCS-NWA-290823-006A,1,2,Ameiurus melas,283,290,2023
2023 Lake Chubsucker - St. Clair NWA,2023-LCS-NWA-300823-001A,1,3,Pomoxis nigromaculatus,69,198,2023
2023 Lake Chubsucker - St. Clair NWA,2023-LCS-NWA-300823-001A,1,1,Lepomis macrochirus,51,51,2023
2023 Lake Chubsucker - St. Clair NWA,2023-LCS-NWA-300823-001A,1,1,Erimyzon sucetta,63,63,2023
2023 Lake Chubsucker - St. Clair NWA,2023-LCS-NWA-300823-001A,1,14,Lepomis gibbosus,43,93,2023
2023 Lake Chubsucker - St. Clair NWA,2023-LCS-NWA-300823-001A,1,4,Lepomis sp,37,44,2023
2023 Lake Chubsucker - St. Clair NWA,2023-LCS-NWA-300823-001A,1,47,Notemigonus crysoleucas,54,207,2023
2023 Lake Chubsucker - St. Clair NWA,2023-LCS-NWA-300823-002A,1,1,Lepomis macrochirus,167,167,2023
2023 Lake Chubsucker - St. Clair NWA,2023-LCS-NWA-300823-002A,1,3,Amia ocellicauda,344,584,2023
2023 Lake Chubsucker - St. Clair NWA,2023-LCS-NWA-300823-002A,1,3,Lepomis gibbosus,100,160,2023
2023 Lake Chubsucker - St. Clair NWA,2023-LCS-NWA-300823-002A,1,1,Lepomis sp,39,39,2023
2023 Lake Chubsucker - St. Clair NWA,2023-LCS-NWA-300823-003A,1,5,Pomoxis nigromaculatus,147,275,2023
2023 Lake Chubsucker - St. Clair NWA,2023-LCS-NWA-300823-003A,1,5,Lepomis macrochirus,152,189,2023
2023 Lake Chubsucker - St. Clair NWA,2023-LCS-NWA-300823-003A,1,1,Amia ocellicauda,474,474,2023
2023 Lake Chubsucker - St. Clair NWA,2023-LCS-NWA-300823-003A,1,4,Erimyzon sucetta,59,201,2023
2023 Lake Chubsucker - St. Clair NWA,2023-LCS-NWA-300823-003A,1,18,Lepomis gibbosus,46,187,2023
2023 Lake Chubsucker - St. Clair NWA,2023-LCS-NWA-300823-003A,1,3,Notemigonus crysoleucas,51,107,2023
2023 Lake Chubsucker - St. Clair NWA,2023-LCS-NWA-300823-003A,1,1,Ameiurus nebulosus,287,287,2023
2023 Lake Chubsucker - St. Clair NWA,2023-LCS-NWA-300823-003A,1,1,Ameiurus melas,298,298,2023
2023 Lake Chubsucker - St. Clair NWA,2023-LCS-NWA-300823-004A,1,2,Pomoxis nigromaculatus,145,243,2023
2023 Lake Chubsucker - St. Clair NWA,2023-LCS-NWA-300823-004A,1,2,Lepomis macrochirus,43,180,2023
2023 Lake Chubsucker - St. Clair NWA,2023-LCS-NWA-300823-004A,1,1,Amia ocellicauda,430,430,2023
2023 Lake Chubsucker - St. Clair NWA,2023-LCS-NWA-300823-004A,1,1,Erimyzon sucetta,56,56,2023
2023 Lake Chubsucker - St. Clair NWA,2023-LCS-NWA-300823-004A,1,3,Lepomis gibbosus,83,155,2023
2023 Lake Chubsucker - St. Clair NWA,2023-LCS-NWA-300823-004A,1,2,Lepomis sp,37,45,2023
2023 Lake Chubsucker - St. Clair NWA,2023-LCS-NWA-300823-005A,1,2,Pomoxis nigromaculatus,185,243,2023
2023 Lake Chubsucker - St. Clair NWA,2023-LCS-NWA-300823-005A,1,4,Lepomis gibbosus,70,79,2023
2023 Lake Chubsucker - St. Clair NWA,2023-LCS-NWA-300823-005A,1,1,Umbra limi,35,35,2023
2023 Lake Chubsucker - St. Clair NWA,2023-LCS-NWA-300823-006A,1,5,Pomoxis nigromaculatus,69,245,2023
2023 Lake Chubsucker - St. Clair NWA,2023-LCS-NWA-300823-006A,1,21,Lepomis macrochirus,35,92,2023
2023 Lake Chubsucker - St. Clair NWA,2023-LCS-NWA-300823-006A,1,23,Erimyzon sucetta,45,117,2023
2023 Lake Chubsucker - St. Clair NWA,2023-LCS-NWA-300823-006A,1,49,Lepomis gibbosus,36,113,2023
2023 Lake Chubsucker - St. Clair NWA,2023-LCS-NWA-300823-006A,1,4,Lepomis sp,34,49,2023
2023 Lake Chubsucker - St. Clair NWA,2023-LCS-NWA-300823-006A,1,34,Notemigonus crysoleucas,49,109,2023
2023 Lake Chubsucker - St. Clair NWA,2023-LCS-NWA-300823-006A,1,1,Micropterus nigricans,87,87,2023
2023 Lake Chubsucker - St. Clair NWA,2023-LCS-NWA-300823-006A,1,1,Umbra limi,80,80,2023
2023 Lake Chubsucker - St. Clair NWA,2023-LCS-NWA-150823-006A,1,2,Pomoxis nigromaculatus,70,71,2023
2023 Lake Chubsucker - St. Clair NWA,2023-LCS-NWA-150823-006A,1,4,Lepomis gibbosus,64,74,2023
2023 Lake Chubsucker - St. Clair NWA,2023-LCS-NWA-150823-006A,1,1,Umbra limi,44,44,2023
2023 Lake Chubsucker - St. Clair NWA,2023-LCS-NWA-150823-006A,1,1,Esox lucius,485,485,2023
2023 Lake Chubsucker - St. Clair NWA,2023-LCS-NWA-160823-001A,1,3,Pomoxis nigromaculatus,55,222,2023
2023 Lake Chubsucker - St. Clair NWA,2023-LCS-NWA-160823-001A,1,8,Lepomis macrochirus,37,117,2023
2023 Lake Chubsucker - St. Clair NWA,2023-LCS-NWA-160823-001A,1,11,Erimyzon sucetta,50,295,2023
2023 Lake Chubsucker - St. Clair NWA,2023-LCS-NWA-160823-001A,1,72,Lepomis gibbosus,39,142,2023
2023 Lake Chubsucker - St. Clair NWA,2023-LCS-NWA-160823-001A,1,2,Lepomis sp,27,35,2023
2023 Lake Chubsucker - St. Clair NWA,2023-LCS-NWA-160823-001A,1,60,Notemigonus crysoleucas,47,61,2023
2023 Lake Chubsucker - St. Clair NWA,2023-LCS-NWA-160823-001A,1,12,Micropterus nigricans,52,95,2023
2023 Lake Chubsucker - St. Clair NWA,2023-LCS-NWA-160823-001A,1,1,Ameiurus nebulosus,279,279,2023
2023 Lake Chubsucker - St. Clair NWA,2023-LCS-NWA-160823-001A,1,2,Esox lucius,185,219,2023
2023 Lake Chubsucker - St. Clair NWA,2023-LCS-NWA-160823-002A,1,4,Erimyzon sucetta,129,167,2023
2023 Lake Chubsucker - St. Clair NWA,2023-LCS-NWA-160823-002A,1,8,Lepomis macrochirus,33,95,2023
2023 Lake Chubsucker - St. Clair NWA,2023-LCS-NWA-160823-002A,1,2,Pomoxis nigromaculatus,60,60,2023
2023 Lake Chubsucker - St. Clair NWA,2023-LCS-NWA-160823-002A,1,5,Amia ocellicauda,384,519,2023
2023 Lake Chubsucker - St. Clair NWA,2023-LCS-NWA-160823-002A,1,66,Lepomis gibbosus,30,128,2023
2023 Lake Chubsucker - St. Clair NWA,2023-LCS-NWA-160823-002A,1,15,Lepomis sp,29,40,2023
2023 Lake Chubsucker - St. Clair NWA,2023-LCS-NWA-160823-002A,1,13,Notemigonus crysoleucas,50,107,2023
2023 Lake Chubsucker - St. Clair NWA,2023-LCS-NWA-160823-002A,1,17,Micropterus nigricans,49,71,2023
2023 Lake Chubsucker - St. Clair NWA,2023-LCS-NWA-160823-002A,1,1,Umbra limi,42,42,2023
2023 Lake Chubsucker - St. Clair NWA,2023-LCS-NWA-160823-002A,1,1,Ameiurus nebulosus,390,390,2023
2023 Lake Chubsucker - St. Clair NWA,2023-LCS-NWA-160823-002A,1,2,Cyprinus carpio,75,237,2023
2023 Lake Chubsucker - St. Clair NWA,2023-LCS-NWA-160823-002A,1,1,Ameiurus melas,55,55,2023
2023 Lake Chubsucker - St. Clair NWA,2023-LCS-NWA-160823-003A,1,2,Pomoxis nigromaculatus,62,253,2023
2023 Lake Chubsucker - St. Clair NWA,2023-LCS-NWA-160823-003A,1,1,Lepomis macrochirus,53,53,2023
2023 Lake Chubsucker - St. Clair NWA,2023-LCS-NWA-160823-003A,1,13,Erimyzon sucetta,50,60,2023
2023 Lake Chubsucker - St. Clair NWA,2023-LCS-NWA-160823-003A,1,15,Lepomis gibbosus,37,138,2023
2023 Lake Chubsucker - St. Clair NWA,2023-LCS-NWA-160823-003A,1,3,Lepomis sp,26,44,2023
2023 Lake Chubsucker - St. Clair NWA,2023-LCS-NWA-160823-003A,1,2,Micropterus nigricans,58,74,2023
2023 Lake Chubsucker - St. Clair NWA,2023-LCS-NWA-160823-004A,1,2,Pomoxis nigromaculatus,65,196,2023
2023 Lake Chubsucker - St. Clair NWA,2023-LCS-NWA-160823-004A,1,1,Lepomis macrochirus,37,37,2023
2023 Lake Chubsucker - St. Clair NWA,2023-LCS-NWA-160823-004A,1,1,Amia ocellicauda,568,568,2023
2023 Lake Chubsucker - St. Clair NWA,2023-LCS-NWA-160823-004A,1,1,Erimyzon sucetta,189,189,2023
2023 Lake Chubsucker - St. Clair NWA,2023-LCS-NWA-160823-004A,1,5,Lepomis gibbosus,39,123,2023
2023 Lake Chubsucker - St. Clair NWA,2023-LCS-NWA-160823-004A,1,1,Lepomis sp,35,35,2023
2023 Lake Chubsucker - St. Clair NWA,2023-LCS-NWA-160823-004A,1,2,Micropterus nigricans,223,303,2023
2023 Lake Chubsucker - St. Clair NWA,2023-LCS-NWA-160823-004A,1,2,Umbra limi,31,35,2023
2023 Lake Chubsucker - St. Clair NWA,2023-LCS-NWA-160823-005A,1,5,Pomoxis nigromaculatus,50,179,2023
2023 Lake Chubsucker - St. Clair NWA,2023-LCS-NWA-160823-005A,1,1,Lepomis macrochirus,174,174,2023
2023 Lake Chubsucker - St. Clair NWA,2023-LCS-NWA-160823-005A,1,14,Lepomis gibbosus,32,193,2023
2023 Lake Chubsucker - St. Clair NWA,2023-LCS-NWA-160823-005A,1,6,Lepomis sp,29,40,2023
2023 Lake Chubsucker - St. Clair NWA,2023-LCS-NWA-160823-006A,1,7,Pomoxis nigromaculatus,169,235,2023
2023 Lake Chubsucker - St. Clair NWA,2023-LCS-NWA-160823-006A,1,2,Lepomis macrochirus,180,184,2023
2023 Lake Chubsucker - St. Clair NWA,2023-LCS-NWA-160823-006A,1,1,Amia ocellicauda,402,402,2023
2023 Lake Chubsucker - St. Clair NWA,2023-LCS-NWA-160823-006A,1,7,Lepomis gibbosus,42,170,2023
2023 Lake Chubsucker - St. Clair NWA,2023-LCS-NWA-160823-006A,1,3,Lepomis sp,36,44,2023
2023 Lake Chubsucker - St. Clair NWA,2023-LCS-NWA-160823-006A,1,2,Ameiurus nebulosus,291,312,2023
2023 Lake Chubsucker - St. Clair NWA,2023-LCS-NWA-210823-002A,1,23,Lepomis macrochirus,71,139,2023
2023 Lake Chubsucker - St. Clair NWA,2023-LCS-NWA-210823-002A,1,4,Amia ocellicauda,385,579,2023
2023 Lake Chubsucker - St. Clair NWA,2023-LCS-NWA-210823-002A,1,3,Erimyzon sucetta,52,53,2023
2023 Lake Chubsucker - St. Clair NWA,2023-LCS-NWA-210823-002A,1,51,Lepomis gibbosus,34,199,2023
2023 Lake Chubsucker - St. Clair NWA,2023-LCS-NWA-210823-002A,1,9,Lepomis sp,30,39,2023
2023 Lake Chubsucker - St. Clair NWA,2023-LCS-NWA-210823-002A,1,32,Notemigonus crysoleucas,35,62,2023
2023 Lake Chubsucker - St. Clair NWA,2023-LCS-NWA-210823-002A,1,4,Micropterus nigricans,54,321,2023
2023 Lake Chubsucker - St. Clair NWA,2023-LCS-NWA-210823-003A,1,1,Amia ocellicauda,380,380,2023
2023 Lake Chubsucker - St. Clair NWA,2023-LCS-NWA-210823-004A,1,1,Pomoxis nigromaculatus,198,198,2023
2023 Lake Chubsucker - St. Clair NWA,2023-LCS-NWA-210823-004A,1,2,Amia ocellicauda,398,554,2023
2023 Lake Chubsucker - St. Clair NWA,2023-LCS-NWA-210823-004A,1,10,Erimyzon sucetta,48,61,2023
2023 Lake Chubsucker - St. Clair NWA,2023-LCS-NWA-210823-004A,1,6,Lepomis gibbosus,62,76,2023
2023 Lake Chubsucker - St. Clair NWA,2023-LCS-NWA-210823-004A,1,16,Lepomis sp,26,44,2023
2023 Lake Chubsucker - St. Clair NWA,2023-LCS-NWA-210823-004A,1,7,Notemigonus crysoleucas,47,60,2023
2023 Lake Chubsucker - St. Clair NWA,2023-LCS-NWA-210823-004A,1,1,Umbra limi,49,49,2023
2023 Lake Chubsucker - St. Clair NWA,2023-LCS-NWA-210823-004A,1,1,Esox lucius,563,563,2023
2023 Lake Chubsucker - St. Clair NWA,2023-LCS-NWA-210823-005A,1,3,Erimyzon sucetta,50,140,2023
2023 Lake Chubsucker - St. Clair NWA,2023-LCS-NWA-210823-005A,1,1,Lepomis gibbosus,80,80,2023
2023 Lake Chubsucker - St. Clair NWA,2023-LCS-NWA-210823-005A,1,1,Lepomis sp,33,33,2023
2023 Lake Chubsucker - St. Clair NWA,2023-LCS-NWA-210823-006A,1,2,Lepomis macrochirus,40,88,2023
2023 Lake Chubsucker - St. Clair NWA,2023-LCS-NWA-210823-006A,1,1,Amia ocellicauda,393,393,2023
2023 Lake Chubsucker - St. Clair NWA,2023-LCS-NWA-210823-006A,1,3,Lepomis gibbosus,39,140,2023
2023 Lake Chubsucker - St. Clair NWA,2023-LCS-NWA-210823-006A,1,1,Ameiurus melas,306,306,2023
2023 Lake Chubsucker - St. Clair NWA,2023-LCS-NWA-210823-006A,1,1,Lepomis sp,40,40,2023
2023 Lake Chubsucker - St. Clair NWA,2023-LCS-NWA-240823-003A,1,0,No fish captured,,,2023
2024 Lake Chubsucker - St. Clair NWA,2024-LCS-NWA-070824-001A,1,6,Amia ocellicauda,468,570,2024
2024 Lake Chubsucker - St. Clair NWA,2024-LCS-NWA-070824-001A,1,28,Notemigonus crysoleucas,37,54,2024
2024 Lake Chubsucker - St. Clair NWA,2024-LCS-NWA-070824-001A,1,23,Micropterus nigricans,55,70,2024
2024 Lake Chubsucker - St. Clair NWA,2024-LCS-NWA-070824-001A,1,2,Pomoxis nigromaculatus,80,,2024
2024 Lake Chubsucker - St. Clair NWA,2024-LCS-NWA-070824-001A,1,15,Lepomis gibbosus,37,106,2024
2024 Lake Chubsucker - St. Clair NWA,2024-LCS-NWA-070824-002A,1,1,Umbra limi,33,33,2024
2024 Lake Chubsucker - St. Clair NWA,2024-LCS-NWA-070824-002A,1,1,Lepomis gibbosus,116,116,2024
2024 Lake Chubsucker - St. Clair NWA,2024-LCS-NWA-070824-003A,1,1,Amia ocellicauda,439,439,2024
2024 Lake Chubsucker - St. Clair NWA,2024-LCS-NWA-070824-003A,1,19,Pomoxis nigromaculatus,56,255,2024
2024 Lake Chubsucker - St. Clair NWA,2024-LCS-NWA-070824-003A,1,1,Erimyzon sucetta,126,126,2024
2024 Lake Chubsucker - St. Clair NWA,2024-LCS-NWA-070824-003A,1,62,Notemigonus crysoleucas,37,132,2024
2024 Lake Chubsucker - St. Clair NWA,2024-LCS-NWA-070824-003A,1,13,Lepomis gibbosus,47,166,2024
2024 Lake Chubsucker - St. Clair NWA,2024-LCS-NWA-070824-003A,1,1,Perca flavescens,86,86,2024
2024 Lake Chubsucker - St. Clair NWA,2024-LCS-NWA-070824-003A,1,3,Micropterus nigricans,63,66,2024
2024 Lake Chubsucker - St. Clair NWA,2024-LCS-NWA-070824-003A,1,4,Lepomis macrochirus,42,91,2024
2024 Lake Chubsucker - St. Clair NWA,2024-LCS-NWA-070824-004A,1,1,Micropterus nigricans,68,68,2024
2024 Lake Chubsucker - St. Clair NWA,2024-LCS-NWA-070824-004A,1,2,Pomoxis nigromaculatus,51,58,2024
2024 Lake Chubsucker - St. Clair NWA,2024-LCS-NWA-070824-004A,1,1,Lepomis gibbosus,102,102,2024
2024 Lake Chubsucker - St. Clair NWA,2024-LCS-NWA-070824-005A,1,2,Amia ocellicauda,461,497,2024
2024 Lake Chubsucker - St. Clair NWA,2024-LCS-NWA-070824-005A,1,1,Micropterus nigricans,70,70,2024
2024 Lake Chubsucker - St. Clair NWA,2024-LCS-NWA-080824-001A,1,2,Lepomis gibbosus,110,162,2024
2024 Lake Chubsucker - St. Clair NWA,2024-LCS-NWA-080824-001A,1,2,Pomoxis nigromaculatus,67,72,2024
2024 Lake Chubsucker - St. Clair NWA,2024-LCS-NWA-080824-001A,1,4,Lepomis macrochirus,101,160,2024
2024 Lake Chubsucker - St. Clair NWA,2024-LCS-NWA-080824-001A,1,2,Micropterus nigricans,56,56,2024
2024 Lake Chubsucker - St. Clair NWA,2024-LCS-NWA-080824-002A,1,5,Lepomis gibbosus,77,115,2024
2024 Lake Chubsucker - St. Clair NWA,2024-LCS-NWA-080824-003A,1,4,Micropterus nigricans,56,71,2024
2024 Lake Chubsucker - St. Clair NWA,2024-LCS-NWA-080824-003A,1,3,Pomoxis nigromaculatus,64,255,2024
2024 Lake Chubsucker - St. Clair NWA,2024-LCS-NWA-080824-003A,1,2,Lepomis gibbosus,109,122,2024
2024 Lake Chubsucker - St. Clair NWA,2024-LCS-NWA-080824-003A,1,2,Notemigonus crysoleucas,86,94,2024
2024 Lake Chubsucker - St. Clair NWA,2024-LCS-NWA-080824-004A,1,8,Lepomis gibbosus,82,183,2024
2024 Lake Chubsucker - St. Clair NWA,2024-LCS-NWA-080824-004A,1,1,Esox lucius,365,365,2024
2024 Lake Chubsucker - St. Clair NWA,2024-LCS-NWA-080824-004A,1,2,Micropterus nigricans,60,75,2024
2024 Lake Chubsucker - St. Clair NWA,2024-LCS-NWA-080824-005A,1,1,Amia ocellicauda,415,415,2024
2024 Lake Chubsucker - St. Clair NWA,2024-LCS-NWA-080824-005A,1,8,Lepomis gibbosus,32,166,2024
2024 Lake Chubsucker - St. Clair NWA,2024-LCS-NWA-080824-005A,1,3,Lepomis macrochirus,82,175,2024
2024 Lake Chubsucker - St. Clair NWA,2024-LCS-NWA-080824-005A,1,3,Pomoxis nigromaculatus,221,251,2024
2024 Lake Chubsucker - St. Clair NWA,2024-LCS-NWA-080824-005A,1,1,Micropterus nigricans,170,170,2024
2024 Lake Chubsucker - St. Clair NWA,2024-LCS-NWA-120824-001A,1,6,Micropterus nigricans,51,69,2024
2024 Lake Chubsucker - St. Clair NWA,2024-LCS-NWA-120824-001A,1,10,Lepomis gibbosus,70,144,2024
2024 Lake Chubsucker - St. Clair NWA,2024-LCS-NWA-120824-001A,1,4,Pomoxis nigromaculatus,63,192,2024
2024 Lake Chubsucker - St. Clair NWA,2024-LCS-NWA-120824-001A,1,8,Lepomis macrochirus,30,115,2024
2024 Lake Chubsucker - St. Clair NWA,2024-LCS-NWA-120824-001A,1,28,Notemigonus crysoleucas,43,96,2024
2024 Lake Chubsucker - St. Clair NWA,2024-LCS-NWA-120824-002A,1,1,Micropterus nigricans,77,77,2024
2024 Lake Chubsucker - St. Clair NWA,2024-LCS-NWA-120824-002A,1,1,Pomoxis nigromaculatus,137,137,2024
2024 Lake Chubsucker - St. Clair NWA,2024-LCS-NWA-120824-002A,1,1,Umbra limi,57,57,2024
2024 Lake Chubsucker - St. Clair NWA,2024-LCS-NWA-120824-002A,1,4,Lepomis gibbosus,38,77,2024
2024 Lake Chubsucker - St. Clair NWA,2024-LCS-NWA-120824-003A,1,1,Esox lucius,480,480,2024
2024 Lake Chubsucker - St. Clair NWA,2024-LCS-NWA-120824-003A,1,2,Amia ocellicauda,460,513,2024
2024 Lake Chubsucker - St. Clair NWA,2024-LCS-NWA-120824-003A,1,3,Umbra limi,56,84,2024
2024 Lake Chubsucker - St. Clair NWA,2024-LCS-NWA-120824-004A,1,5,Lepomis macrochirus,37,60,2024
2024 Lake Chubsucker - St. Clair NWA,2024-LCS-NWA-120824-004A,1,7,Lepomis gibbosus,37,129,2024
2024 Lake Chubsucker - St. Clair NWA,2024-LCS-NWA-120824-004A,1,3,Pomoxis nigromaculatus,66,66,2024
2024 Lake Chubsucker - St. Clair NWA,2024-LCS-NWA-120824-004A,1,3,Micropterus nigricans,63,80,2024
2024 Lake Chubsucker - St. Clair NWA,2024-LCS-NWA-120824-005A,1,1,Amia ocellicauda,385,385,2024
2024 Lake Chubsucker - St. Clair NWA,2024-LCS-NWA-120824-005A,1,1,Umbra limi,75,75,2024
2024 Lake Chubsucker - St. Clair NWA,2024-LCS-NWA-120824-005A,1,2,Micropterus nigricans,64,64,2024
2024 Lake Chubsucker - St. Clair NWA,2024-LCS-NWA-120824-005A,1,1,Pomoxis nigromaculatus,65,65,2024
2024 Lake Chubsucker - St. Clair NWA,2024-LCS-NWA-120824-005A,1,1,Lepomis gibbosus,119,119,2024
2024 Lake Chubsucker - St. Clair NWA,2024-LCS-NWA-130824-001A,1,7,Amia ocellicauda,415,509,2024
2024 Lake Chubsucker - St. Clair NWA,2024-LCS-NWA-130824-001A,1,1,Umbra limi,27,27,2024
2024 Lake Chubsucker - St. Clair NWA,2024-LCS-NWA-130824-001A,1,3,Pomoxis nigromaculatus,61,69,2024
2024 Lake Chubsucker - St. Clair NWA,2024-LCS-NWA-130824-001A,1,2,Notemigonus crysoleucas,52,57,2024
2024 Lake Chubsucker - St. Clair NWA,2024-LCS-NWA-130824-001A,1,3,Micropterus nigricans,61,83,2024
2024 Lake Chubsucker - St. Clair NWA,2024-LCS-NWA-130824-002A,1,13,Micropterus nigricans,52,90,2024
2024 Lake Chubsucker - St. Clair NWA,2024-LCS-NWA-130824-002A,1,13,Lepomis gibbosus,37,120,2024
2024 Lake Chubsucker - St. Clair NWA,2024-LCS-NWA-130824-002A,1,4,Notemigonus crysoleucas,43,63,2024
2024 Lake Chubsucker - St. Clair NWA,2024-LCS-NWA-130824-002A,1,2,Pomoxis nigromaculatus,62,64,2024
2024 Lake Chubsucker - St. Clair NWA,2024-LCS-NWA-130824-002A,1,1,Umbra limi,43,43,2024
2024 Lake Chubsucker - St. Clair NWA,2024-LCS-NWA-130824-002A,1,1,Lepomis macrochirus,167,167,2024
2024 Lake Chubsucker - St. Clair NWA,2024-LCS-NWA-130824-003A,1,3,Amia ocellicauda,434,462,2024
2024 Lake Chubsucker - St. Clair NWA,2024-LCS-NWA-130824-003A,1,3,Umbra limi,38,52,2024
2024 Lake Chubsucker - St. Clair NWA,2024-LCS-NWA-130824-004A,1,3,Amia ocellicauda,451,495,2024
2024 Lake Chubsucker - St. Clair NWA,2024-LCS-NWA-130824-004A,1,5,Micropterus nigricans,62,72,2024
2024 Lake Chubsucker - St. Clair NWA,2024-LCS-NWA-130824-004A,1,5,Lepomis gibbosus,40,91,2024
2024 Lake Chubsucker - St. Clair NWA,2024-LCS-NWA-130824-004A,1,8,Notemigonus crysoleucas,44,97,2024
2024 Lake Chubsucker - St. Clair NWA,2024-LCS-NWA-130824-004A,1,2,Lepomis macrochirus,40,41,2024
2024 Lake Chubsucker - St. Clair NWA,2024-LCS-NWA-130824-005A,1,4,Amia ocellicauda,440,489,2024
2024 Lake Chubsucker - St. Clair NWA,2024-LCS-NWA-130824-005A,1,1,Pomoxis nigromaculatus,77,77,2024
2024 Lake Chubsucker - St. Clair NWA,2024-LCS-NWA-130824-005A,1,2,Notemigonus crysoleucas,52,54,2024
2024 Lake Chubsucker - St. Clair NWA,2024-LCS-NWA-140824-001A,1,8,Amia ocellicauda,430,605,2024
2024 Lake Chubsucker - St. Clair NWA,2024-LCS-NWA-140824-001A,1,213,Notemigonus crysoleucas,42,64,2024
2024 Lake Chubsucker - St. Clair NWA,2024-LCS-NWA-140824-001A,1,6,Lepomis gibbosus,43,49,2024
2024 Lake Chubsucker - St. Clair NWA,2024-LCS-NWA-140824-001A,1,7,Lepomis macrochirus,38,47,2024
2024 Lake Chubsucker - St. Clair NWA,2024-LCS-NWA-140824-001A,1,1,Erimyzon sucetta,65,65,2024
2024 Lake Chubsucker - St. Clair NWA,2024-LCS-NWA-140824-002A,1,2,Amia ocellicauda,540,588,2024
2024 Lake Chubsucker - St. Clair NWA,2024-LCS-NWA-140824-002A,1,1,Notemigonus crysoleucas,44,44,2024
2024 Lake Chubsucker - St. Clair NWA,2024-LCS-NWA-140824-003A,1,2,Amia ocellicauda,510,545,2024
2024 Lake Chubsucker - St. Clair NWA,2024-LCS-NWA-140824-004A,1,4,Amia ocellicauda,453,542,2024
2024 Lake Chubsucker - St. Clair NWA,2024-LCS-NWA-140824-004A,1,24,Notemigonus crysoleucas,39,111,2024
2024 Lake Chubsucker - St. Clair NWA,2024-LCS-NWA-140824-004A,1,39,Micropterus nigricans,59,118,2024
2024 Lake Chubsucker - St. Clair NWA,2024-LCS-NWA-140824-004A,1,4,Lepomis macrochirus,38,48,2024
2024 Lake Chubsucker - St. Clair NWA,2024-LCS-NWA-140824-004A,1,27,Lepomis gibbosus,42,91,2024
2024 Lake Chubsucker - St. Clair NWA,2024-LCS-NWA-140824-005A,1,1,Umbra limi,74,74,2024
2024 Lake Chubsucker - St. Clair NWA,2024-LCS-NWA-140824-005A,1,2,Lepomis gibbosus,50,51,2024
2024 Lake Chubsucker - St. Clair NWA,2024-LCS-NWA-150824-001A,1,20,Lepomis gibbosus,35,160,2024
2024 Lake Chubsucker - St. Clair NWA,2024-LCS-NWA-150824-001A,1,11,Lepomis macrochirus,41,213,2024
2024 Lake Chubsucker - St. Clair NWA,2024-LCS-NWA-150824-001A,1,4,Pomoxis nigromaculatus,50,185,2024
2024 Lake Chubsucker - St. Clair NWA,2024-LCS-NWA-150824-001A,1,2,Micropterus nigricans,55,61,2024
2024 Lake Chubsucker - St. Clair NWA,2024-LCS-NWA-150824-001A,1,1,Notemigonus crysoleucas,95,95,2024
2024 Lake Chubsucker - St. Clair NWA,2024-LCS-NWA-150824-002A,1,9,Lepomis macrochirus,43,210,2024
2024 Lake Chubsucker - St. Clair NWA,2024-LCS-NWA-150824-002A,1,4,Pomoxis nigromaculatus,119,230,2024
2024 Lake Chubsucker - St. Clair NWA,2024-LCS-NWA-150824-002A,1,6,Lepomis gibbosus,90,156,2024
2024 Lake Chubsucker - St. Clair NWA,2024-LCS-NWA-150824-002A,1,1,Ameiurus natalis,270,270,2024
2024 Lake Chubsucker - St. Clair NWA,2024-LCS-NWA-150824-002A,1,1,Micropterus nigricans,67,67,2024
2024 Lake Chubsucker - St. Clair NWA,2024-LCS-NWA-150824-003A,1,4,Pomoxis nigromaculatus,63,196,2024
2024 Lake Chubsucker - St. Clair NWA,2024-LCS-NWA-150824-003A,1,2,Lepomis gibbosus,119,179,2024
2024 Lake Chubsucker - St. Clair NWA,2024-LCS-NWA-150824-003A,1,3,Micropterus nigricans,75,83,2024
2024 Lake Chubsucker - St. Clair NWA,2024-LCS-NWA-150824-004A,1,8,Lepomis gibbosus,45,180,2024
2024 Lake Chubsucker - St. Clair NWA,2024-LCS-NWA-150824-004A,1,4,Pomoxis nigromaculatus,122,253,2024
2024 Lake Chubsucker - St. Clair NWA,2024-LCS-NWA-150824-005A,1,7,Lepomis gibbosus,69,125,2024
2024 Lake Chubsucker - St. Clair NWA,2024-LCS-NWA-150824-005A,1,6,Micropterus nigricans,66,122,2024
2024 Lake Chubsucker - St. Clair NWA,2024-LCS-NWA-150824-005A,1,2,Lepomis macrochirus,36,44,2024
2024 Lake Chubsucker - St. Clair NWA,2024-LCS-NWA-190824-001A,1,4,Micropterus nigricans,60,94,2024
2024 Lake Chubsucker - St. Clair NWA,2024-LCS-NWA-190824-001A,1,3,Umbra limi,38,59,2024
2024 Lake Chubsucker - St. Clair NWA,2024-LCS-NWA-190824-001A,1,1,Notemigonus crysoleucas,51,51,2024
2024 Lake Chubsucker - St. Clair NWA,2024-LCS-NWA-190824-001A,1,1,Lepomis macrochirus,39,39,2024
2024 Lake Chubsucker - St. Clair NWA,2024-LCS-NWA-190824-001A,1,3,Lepomis gibbosus,43,44,2024
2024 Lake Chubsucker - St. Clair NWA,2024-LCS-NWA-190824-002A,1,1,Esox lucius,,,2024
2024 Lake Chubsucker - St. Clair NWA,2024-LCS-NWA-190824-002A,1,3,Amia ocellicauda,455,581,2024
2024 Lake Chubsucker - St. Clair NWA,2024-LCS-NWA-190824-002A,1,1,Cyprinus carpio,470,470,2024
2024 Lake Chubsucker - St. Clair NWA,2024-LCS-NWA-190824-002A,1,3,Lepomis macrochirus,39,40,2024
2024 Lake Chubsucker - St. Clair NWA,2024-LCS-NWA-190824-002A,1,5,Lepomis gibbosus,41,92,2024
2024 Lake Chubsucker - St. Clair NWA,2024-LCS-NWA-190824-002A,1,5,Micropterus nigricans,57,63,2024
2024 Lake Chubsucker - St. Clair NWA,2024-LCS-NWA-190824-002A,1,3,Notemigonus crysoleucas,38,55,2024
2024 Lake Chubsucker - St. Clair NWA,2024-LCS-NWA-190824-003A,1,1,Notemigonus crysoleucas,55,55,2024
2024 Lake Chubsucker - St. Clair NWA,2024-LCS-NWA-190824-003A,1,1,Noturus gyrinus,43,43,2024
2024 Lake Chubsucker - St. Clair NWA,2024-LCS-NWA-190824-003A,1,2,Micropterus nigricans,55,62,2024
2024 Lake Chubsucker - St. Clair NWA,2024-LCS-NWA-190824-003A,1,2,Lepomis gibbosus,46,47,2024
2024 Lake Chubsucker - St. Clair NWA,2024-LCS-NWA-190824-003A,1,9,Lepomis macrochirus,28,39,2024
2024 Lake Chubsucker - St. Clair NWA,2024-LCS-NWA-190824-004A,1,1,Amia ocellicauda,542,542,2024
2024 Lake Chubsucker - St. Clair NWA,2024-LCS-NWA-190824-004A,1,2,Lepomis gibbosus,47,145,2024
2024 Lake Chubsucker - St. Clair NWA,2024-LCS-NWA-190824-004A,1,3,Pomoxis nigromaculatus,197,203,2024
2024 Lake Chubsucker - St. Clair NWA,2024-LCS-NWA-190824-004A,1,3,Lepomis macrochirus,32,95,2024
2024 Lake Chubsucker - St. Clair NWA,2024-LCS-NWA-190824-004A,1,1,Micropterus nigricans,67,67,2024
2024 Lake Chubsucker - St. Clair NWA,2024-LCS-NWA-190824-004A,1,118,Notemigonus crysoleucas,42,63,2024
2024 Lake Chubsucker - St. Clair NWA,2024-LCS-NWA-190824-005A,1,1,Amia ocellicauda,461,461,2024
2024 Lake Chubsucker - St. Clair NWA,2024-LCS-NWA-190824-005A,1,5,Notemigonus crysoleucas,48,56,2024
2024 Lake Chubsucker - St. Clair NWA,2024-LCS-NWA-190824-005A,1,14,Lepomis gibbosus,41,150,2024
2024 Lake Chubsucker - St. Clair NWA,2024-LCS-NWA-190824-005A,1,19,Micropterus nigricans,60,80,2024
2024 Lake Chubsucker - St. Clair NWA,2024-LCS-NWA-190824-005A,1,2,Pomoxis nigromaculatus,51,69,2024
2024 Lake Chubsucker - St. Clair NWA,2024-LCS-NWA-190824-005A,1,4,Lepomis macrochirus,30,119,2024
2024 Lake Chubsucker - St. Clair NWA,2024-LCS-NWA-200824-001A,1,1,Pomoxis nigromaculatus,69,69,2024
2024 Lake Chubsucker - St. Clair NWA,2024-LCS-NWA-200824-002A,1,2,Lepomis gibbosus,118,124,2024
2024 Lake Chubsucker - St. Clair NWA,2024-LCS-NWA-200824-002A,1,1,Lepomis macrochirus,39,39,2024
2024 Lake Chubsucker - St. Clair NWA,2024-LCS-NWA-200824-002A,1,2,Umbra limi,45,61,2024
2024 Lake Chubsucker - St. Clair NWA,2024-LCS-NWA-200824-003A,1,1,Erimyzon sucetta,134,134,2024
2024 Lake Chubsucker - St. Clair NWA,2024-LCS-NWA-200824-003A,1,2,Micropterus nigricans,66,81,2024
2024 Lake Chubsucker - St. Clair NWA,2024-LCS-NWA-200824-003A,1,1,Lepomis gibbosus,76,76,2024
2024 Lake Chubsucker - St. Clair NWA,2024-LCS-NWA-200824-003A,1,1,Pomoxis nigromaculatus,242,242,2024
2024 Lake Chubsucker - St. Clair NWA,2024-LCS-NWA-200824-004A,1,2,Lepomis gibbosus,47,70,2024
2024 Lake Chubsucker - St. Clair NWA,2024-LCS-NWA-200824-004A,1,1,Umbra limi,52,52,2024
2024 Lake Chubsucker - St. Clair NWA,2024-LCS-NWA-200824-004A,1,1,Lepomis macrochirus,76,76,2024
2024 Lake Chubsucker - St. Clair NWA,2024-LCS-NWA-200824-005A,1,1,Ameiurus natalis,319,319,2024
2024 Lake Chubsucker - St. Clair NWA,2024-LCS-NWA-200824-005A,1,2,Lepomis macrochirus,127,217,2024
2024 Lake Chubsucker - St. Clair NWA,2024-LCS-NWA-200824-005A,1,1,Micropterus nigricans,199,199,2024
2024 Lake Chubsucker - St. Clair NWA,2024-LCS-NWA-200824-005A,1,2,Lepomis gibbosus,121,157,2024
2024 Lake Chubsucker - St. Clair NWA,2024-LCS-NWA-210824-001A,1,3,Amia ocellicauda,435,461,2024
2024 Lake Chubsucker - St. Clair NWA,2024-LCS-NWA-210824-001A,1,2,Erimyzon sucetta,57,66,2024
2024 Lake Chubsucker - St. Clair NWA,2024-LCS-NWA-210824-001A,1,5,Lepomis macrochirus,89,200,2024
2024 Lake Chubsucker - St. Clair NWA,2024-LCS-NWA-210824-001A,1,5,Lepomis gibbosus,40,187,2024
2024 Lake Chubsucker - St. Clair NWA,2024-LCS-NWA-210824-002A,1,1,Amia ocellicauda,403,403,2024
2024 Lake Chubsucker - St. Clair NWA,2024-LCS-NWA-210824-002A,1,1,Notemigonus crysoleucas,58,58,2024
2024 Lake Chubsucker - St. Clair NWA,2024-LCS-NWA-210824-002A,1,1,Pomoxis nigromaculatus,177,177,2024
2024 Lake Chubsucker - St. Clair NWA,2024-LCS-NWA-210824-002A,1,3,Lepomis gibbosus,42,66,2024
2024 Lake Chubsucker - St. Clair NWA,2024-LCS-NWA-210824-002A,1,24,Lepomis macrochirus,36,79,2024
2024 Lake Chubsucker - St. Clair NWA,2024-LCS-NWA-210824-003A,1,1,Amia ocellicauda,589,589,2024
2024 Lake Chubsucker - St. Clair NWA,2024-LCS-NWA-210824-003A,1,17,Lepomis macrochirus,35,188,2024
2024 Lake Chubsucker - St. Clair NWA,2024-LCS-NWA-210824-003A,1,6,Lepomis gibbosus,43,52,2024
2024 Lake Chubsucker - St. Clair NWA,2024-LCS-NWA-210824-003A,1,1,Micropterus nigricans,85,85,2024
2024 Lake Chubsucker - St. Clair NWA,2024-LCS-NWA-210824-003A,1,1,Pomoxis nigromaculatus,115,155,2024
2024 Lake Chubsucker - St. Clair NWA,2024-LCS-NWA-210824-004A,1,4,Amia ocellicauda,475,636,2024
2024 Lake Chubsucker - St. Clair NWA,2024-LCS-NWA-210824-004A,1,1,Ameiurus nebulosus,314,314,2024
2024 Lake Chubsucker - St. Clair NWA,2024-LCS-NWA-210824-005A,1,1,Erimyzon sucetta,258,258,2024
2024 Lake Chubsucker - St. Clair NWA,2024-LCS-NWA-210824-005A,1,1,Cyprinus carpio,518,518,2024
2024 Lake Chubsucker - St. Clair NWA,2024-LCS-NWA-210824-005A,1,1,Ameiurus nebulosus,314,314,2024
2024 Lake Chubsucker - St. Clair NWA,2024-LCS-NWA-210824-005A,1,1,Lepomis gibbosus,177,177,2024
2024 Lake Chubsucker - St. Clair NWA,2024-LCS-NWA-210824-005A,1,2,Pomoxis nigromaculatus,199,261,2024
2024 Lake Chubsucker - St. Clair NWA,2024-LCS-NWA-210824-005A,1,6,Lepomis macrochirus,44,195,2024
2024 Lake Chubsucker - St. Clair NWA,2024-LCS-NWA-210824-005A,1,9,Notemigonus crysoleucas,57,68,2024
2024 Lake Chubsucker - St. Clair NWA,2024-LCS-NWA-220824-001A,1,2,Erimyzon sucetta,229,247,2024
2024 Lake Chubsucker - St. Clair NWA,2024-LCS-NWA-220824-001A,1,1,Amia ocellicauda,547,547,2024
2024 Lake Chubsucker - St. Clair NWA,2024-LCS-NWA-220824-001A,1,1,Ameiurus melas,305,305,2024
2024 Lake Chubsucker - St. Clair NWA,2024-LCS-NWA-220824-001A,1,1,Micropterus nigricans,237,237,2024
2024 Lake Chubsucker - St. Clair NWA,2024-LCS-NWA-220824-001A,1,4,Lepomis gibbosus,130,166,2024
2024 Lake Chubsucker - St. Clair NWA,2024-LCS-NWA-220824-001A,1,2,Lepomis macrochirus,185,196,2024
2024 Lake Chubsucker - St. Clair NWA,2024-LCS-NWA-220824-002A,1,1,Erimyzon sucetta,190,190,2024
2024 Lake Chubsucker - St. Clair NWA,2024-LCS-NWA-220824-002A,1,1,Amia ocellicauda,573,573,2024
2024 Lake Chubsucker - St. Clair NWA,2024-LCS-NWA-220824-002A,1,4,Lepomis gibbosus,44,165,2024
2024 Lake Chubsucker - St. Clair NWA,2024-LCS-NWA-220824-002A,1,2,Notemigonus crysoleucas,55,58,2024
2024 Lake Chubsucker - St. Clair NWA,2024-LCS-NWA-220824-002A,1,3,Lepomis macrochirus,41,93,2024
2024 Lake Chubsucker - St. Clair NWA,2024-LCS-NWA-220824-003A,1,3,Erimyzon sucetta,54,66,2024
2024 Lake Chubsucker - St. Clair NWA,2024-LCS-NWA-220824-003A,1,1,Amia ocellicauda,402,402,2024
2024 Lake Chubsucker - St. Clair NWA,2024-LCS-NWA-220824-003A,1,15,Lepomis gibbosus,42,117,2024
2024 Lake Chubsucker - St. Clair NWA,2024-LCS-NWA-220824-003A,1,6,Lepomis macrochirus,37,102,2024
2024 Lake Chubsucker - St. Clair NWA,2024-LCS-NWA-220824-003A,1,1,Notemigonus crysoleucas,120,120,2024
2024 Lake Chubsucker - St. Clair NWA,2024-LCS-NWA-220824-004A,1,1,Amia ocellicauda,595,595,2024
2024 Lake Chubsucker - St. Clair NWA,2024-LCS-NWA-220824-004A,1,2,Lepomis gibbosus,40,76,2024
2024 Lake Chubsucker - St. Clair NWA,2024-LCS-NWA-220824-004A,1,4,Notemigonus crysoleucas,52,59,2024
2024 Lake Chubsucker - St. Clair NWA,2024-LCS-NWA-220824-004A,1,2,Lepomis macrochirus,74,80,2024
2024 Lake Chubsucker - St. Clair NWA,2024-LCS-NWA-220824-005A,1,4,Amia ocellicauda,445,490,2024
2024 Lake Chubsucker - St. Clair NWA,2024-LCS-NWA-220824-005A,1,2,Pomoxis nigromaculatus,136,206,2024
2024 Lake Chubsucker - St. Clair NWA,2024-LCS-NWA-220824-005A,1,4,Lepomis macrochirus,40,83,2024
2024 Lake Chubsucker - St. Clair NWA,2024-LCS-NWA-220824-005A,1,6,Lepomis gibbosus,42,177,2024
2024 Lake Chubsucker - St. Clair NWA,2024-LCS-NWA-220824-005A,1,1,Erimyzon sucetta,,,2024
2024 Lake Chubsucker - St. Clair NWA,2024-LCS-NWA-260824-001A,1,1,Amia ocellicauda,362,362,2024
2024 Lake Chubsucker - St. Clair NWA,2024-LCS-NWA-260824-001A,1,1,Pomoxis nigromaculatus,74,74,2024
2024 Lake Chubsucker - St. Clair NWA,2024-LCS-NWA-260824-001A,1,1,Lepomis sp,55,55,2024
2024 Lake Chubsucker - St. Clair NWA,2024-LCS-NWA-260824-001A,1,5,Lepomis gibbosus,48,109,2024
2024 Lake Chubsucker - St. Clair NWA,2024-LCS-NWA-260824-002A,1,0,No fish captured,,,2024
2024 Lake Chubsucker - St. Clair NWA,2024-LCS-NWA-260824-003A,1,1,Amia ocellicauda,452,452,2024
2024 Lake Chubsucker - St. Clair NWA,2024-LCS-NWA-260824-003A,1,1,Lepomis sp,56,56,2024
2024 Lake Chubsucker - St. Clair NWA,2024-LCS-NWA-260824-004A,1,1,Esox lucius,546,546,2024
2024 Lake Chubsucker - St. Clair NWA,2024-LCS-NWA-260824-004A,1,3,Lepomis macrochirus,193,210,2024
2024 Lake Chubsucker - St. Clair NWA,2024-LCS-NWA-260824-004A,1,4,Lepomis gibbosus,42,197,2024
2024 Lake Chubsucker - St. Clair NWA,2024-LCS-NWA-260824-004A,1,1,Amia ocellicauda,454,454,2024
2024 Lake Chubsucker - St. Clair NWA,2024-LCS-NWA-260824-004A,1,1,Micropterus nigricans,253,253,2024
2024 Lake Chubsucker - St. Clair NWA,2024-LCS-NWA-260824-005A,1,1,Micropterus nigricans,340,340,2024
2024 Lake Chubsucker - St. Clair NWA,2024-LCS-NWA-260824-005A,1,1,Ameiurus nebulosus,321,321,2024
2024 Lake Chubsucker - St. Clair NWA,2024-LCS-NWA-260824-005A,1,2,Amia ocellicauda,437,519,2024
2024 Lake Chubsucker - St. Clair NWA,2024-LCS-NWA-260824-005A,1,1,Lepomis gibbosus,45,45,2024
2024 Lake Chubsucker - St. Clair NWA,2024-LCS-NWA-260824-005A,1,1,Lepomis macrochirus,44,44,2024
2024 Lake Chubsucker - St. Clair NWA,2024-LCS-NWA-270824-001A,1,2,Micropterus nigricans,54,67,2024
2024 Lake Chubsucker - St. Clair NWA,2024-LCS-NWA-270824-001A,1,4,Lepomis gibbosus,77,121,2024
2024 Lake Chubsucker - St. Clair NWA,2024-LCS-NWA-270824-001A,1,3,Lepomis macrochirus,42,54,2024
2024 Lake Chubsucker - St. Clair NWA,2024-LCS-NWA-270824-002A,1,2,Lepomis macrochirus,44,73,2024
2024 Lake Chubsucker - St. Clair NWA,2024-LCS-NWA-270824-002A,1,1,Lepomis gibbosus,53,53,2024
2024 Lake Chubsucker - St. Clair NWA,2024-LCS-NWA-270824-003A,1,1,Amia ocellicauda,523,523,2024
2024 Lake Chubsucker - St. Clair NWA,2024-LCS-NWA-270824-003A,1,1,Esox lucius,320,320,2024
2024 Lake Chubsucker - St. Clair NWA,2024-LCS-NWA-270824-003A,1,3,Erimyzon sucetta,111,131,2024
2024 Lake Chubsucker - St. Clair NWA,2024-LCS-NWA-270824-003A,1,12,Lepomis gibbosus,73,182,2024
2024 Lake Chubsucker - St. Clair NWA,2024-LCS-NWA-270824-003A,1,3,Micropterus nigricans,67,193,2024
2024 Lake Chubsucker - St. Clair NWA,2024-LCS-NWA-270824-003A,1,8,Lepomis macrochirus,42,101,2024
2024 Lake Chubsucker - St. Clair NWA,2024-LCS-NWA-270824-004A,1,1,Erimyzon sucetta,65,65,2024
2024 Lake Chubsucker - St. Clair NWA,2024-LCS-NWA-270824-004A,1,4,Lepomis gibbosus,80,127,2024
2024 Lake Chubsucker - St. Clair NWA,2024-LCS-NWA-270824-004A,1,1,Lepomis macrochirus,68,68,2024
2024 Lake Chubsucker - St. Clair NWA,2024-LCS-NWA-270824-005A,1,0,No fish captured,,,2024
2024 Lake Chubsucker - St. Clair NWA,2024-LCS-NWA-280824-001A,1,1,Micropterus nigricans,75,75,2024
2024 Lake Chubsucker - St. Clair NWA,2024-LCS-NWA-280824-001A,1,1,Lepomis macrochirus,43,43,2024
2024 Lake Chubsucker - St. Clair NWA,2024-LCS-NWA-280824-001A,1,5,Lepomis gibbosus,40,170,2024
2024 Lake Chubsucker - St. Clair NWA,2024-LCS-NWA-280824-002A,1,1,Amia ocellicauda,460,460,2024
2024 Lake Chubsucker - St. Clair NWA,2024-LCS-NWA-280824-002A,1,1,Micropterus nigricans,74,74,2024
2024 Lake Chubsucker - St. Clair NWA,2024-LCS-NWA-280824-002A,1,1,Lepomis gibbosus,41,41,2024
2024 Lake Chubsucker - St. Clair NWA,2024-LCS-NWA-280824-002A,1,1,Lepomis macrochirus,87,87,2024
2024 Lake Chubsucker - St. Clair NWA,2024-LCS-NWA-280824-002A,1,1,Pomoxis nigromaculatus,68,68,2024
2024 Lake Chubsucker - St. Clair NWA,2024-LCS-NWA-280824-003A,1,3,Erimyzon sucetta,,115,2024
2024 Lake Chubsucker - St. Clair NWA,2024-LCS-NWA-280824-003A,1,1,Amia ocellicauda,522,522,2024
2024 Lake Chubsucker - St. Clair NWA,2024-LCS-NWA-280824-003A,1,1,Lepomis gibbosus,,,2024
2024 Lake Chubsucker - St. Clair NWA,2024-LCS-NWA-280824-003A,1,1,Pomoxis nigromaculatus,223,223,2024
2024 Lake Chubsucker - St. Clair NWA,2024-LCS-NWA-280824-003A,1,6,Lepomis macrochirus,47,187,2024
2024 Lake Chubsucker - St. Clair NWA,2024-LCS-NWA-280824-004A,1,2,Amia ocellicauda,437,464,2024
2024 Lake Chubsucker - St. Clair NWA,2024-LCS-NWA-280824-004A,1,1,Ameiurus melas,329,329,2024
2024 Lake Chubsucker - St. Clair NWA,2024-LCS-NWA-280824-004A,1,1,Ameiurus natalis,329,329,2024
2024 Lake Chubsucker - St. Clair NWA,2024-LCS-NWA-280824-004A,1,4,Notemigonus crysoleucas,56,107,2024
2024 Lake Chubsucker - St. Clair NWA,2024-LCS-NWA-280824-004A,1,17,Lepomis gibbosus,41,116,2024
2024 Lake Chubsucker - St. Clair NWA,2024-LCS-NWA-280824-004A,1,5,Lepomis macrochirus,40,96,2024
2024 Lake Chubsucker - St. Clair NWA,2024-LCS-NWA-280824-004A,1,1,Pomoxis nigromaculatus,75,75,2024
2024 Lake Chubsucker - St. Clair NWA,2024-LCS-NWA-280824-004A,1,1,Erimyzon sucetta,,,2024
2024 Lake Chubsucker - St. Clair NWA,2024-LCS-NWA-280824-005A,1,2,Pomoxis nigromaculatus,123,141,2024
2024 Lake Chubsucker - St. Clair NWA,2024-LCS-NWA-280824-005A,1,6,Lepomis gibbosus,79,195,2024
2024 Lake Chubsucker - St. Clair NWA,2024-LCS-NWA-280824-005A,1,1,Micropterus nigricans,72,72,2024
2024 Lake Chubsucker - St. Clair NWA,2024-LCS-NWA-280824-005A,1,1,Lepomis macrochirus,44,44,2024
2024 Lake Chubsucker - St. Clair NWA,2024-LCS-NWA-280824-006A,1,3,Amia ocellicauda,530,557,2024
2024 Lake Chubsucker - St. Clair NWA,2024-LCS-NWA-280824-006A,1,1,Ameiurus natalis,276,276,2024
2024 Lake Chubsucker - St. Clair NWA,2024-LCS-NWA-280824-006A,1,5,Lepomis macrochirus,37,195,2024
2024 Lake Chubsucker - St. Clair NWA,2024-LCS-NWA-290824-001A,1,7,Erimyzon sucetta,119,216,2024
2024 Lake Chubsucker - St. Clair NWA,2024-LCS-NWA-290824-001A,1,5,Amia ocellicauda,399,484,2024
2024 Lake Chubsucker - St. Clair NWA,2024-LCS-NWA-290824-001A,1,1,Ameiurus nebulosus,317,317,2024
2024 Lake Chubsucker - St. Clair NWA,2024-LCS-NWA-290824-001A,1,5,Micropterus nigricans,63,328,2024
2024 Lake Chubsucker - St. Clair NWA,2024-LCS-NWA-290824-001A,1,35,Lepomis gibbosus,45,172,2024
2024 Lake Chubsucker - St. Clair NWA,2024-LCS-NWA-290824-001A,1,17,Lepomis macrochirus,42,161,2024
2024 Lake Chubsucker - St. Clair NWA,2024-LCS-NWA-290824-001A,1,9,Notemigonus crysoleucas,52,71,2024
2024 Lake Chubsucker - St. Clair NWA,2024-LCS-NWA-290824-002A,1,2,Erimyzon sucetta,57,67,2024
2024 Lake Chubsucker - St. Clair NWA,2024-LCS-NWA-290824-002A,1,2,Lepomis gibbosus,44,49,2024
2024 Lake Chubsucker - St. Clair NWA,2024-LCS-NWA-290824-002A,1,3,Notemigonus crysoleucas,49,58,2024
2024 Lake Chubsucker - St. Clair NWA,2024-LCS-NWA-290824-002A,1,2,Micropterus nigricans,55,56,2024
2024 Lake Chubsucker - St. Clair NWA,2024-LCS-NWA-290824-002A,1,1,Umbra limi,49,49,2024
2024 Lake Chubsucker - St. Clair NWA,2024-LCS-NWA-290824-003A,1,3,Erimyzon sucetta,59,70,2024
2024 Lake Chubsucker - St. Clair NWA,2024-LCS-NWA-290824-003A,1,2,Lepomis macrochirus,87,100,2024
2024 Lake Chubsucker - St. Clair NWA,2024-LCS-NWA-290824-003A,1,1,Micropterus nigricans,79,79,2024
2024 Lake Chubsucker - St. Clair NWA,2024-LCS-NWA-290824-003A,1,3,Lepomis gibbosus,117,121,2024
2024 Lake Chubsucker - St. Clair NWA,2024-LCS-NWA-290824-004A,1,2,Erimyzon sucetta,121,199,2024
2024 Lake Chubsucker - St. Clair NWA,2024-LCS-NWA-290824-004A,1,4,Lepomis macrochirus,39,88,2024
2024 Lake Chubsucker - St. Clair NWA,2024-LCS-NWA-290824-004A,1,3,Lepomis gibbosus,40,51,2024
2024 Lake Chubsucker - St. Clair NWA,2024-LCS-NWA-290824-004A,1,1,Pomoxis nigromaculatus,135,135,2024
2024 Lake Chubsucker - St. Clair NWA,2024-LCS-NWA-290824-005A,1,2,Ameiurus melas,291,314,2024
2024 Lake Chubsucker - St. Clair NWA,2024-LCS-NWA-290824-005A,1,10,Lepomis gibbosus,120,176,2024
2024 Lake Chubsucker - St. Clair NWA,2024-LCS-NWA-290824-005A,1,7,Lepomis macrochirus,35,165,2024
2024 Lake Chubsucker - St. Clair NWA,2024-LCS-NWA-290824-005A,1,4,Notemigonus crysoleucas,48,63,2024
2024 Lake Chubsucker - St. Clair NWA,2024-LCS-NWA-290824-005A,1,2,Pomoxis nigromaculatus,137,144,2024
2024 Lake Chubsucker - St. Clair NWA,2024-LCS-NWA-290824-005A,1,1,Micropterus nigricans,166,166,2024
2024 Lake Chubsucker - St. Clair NWA,2024-LCS-NWA-290824-006A,1,14,Lepomis macrochirus,38,98,2024
2024 Lake Chubsucker - St. Clair NWA,2024-LCS-NWA-290824-006A,1,1,Umbra limi,57,57,2024
2024 Lake Chubsucker - St. Clair NWA,2024-LCS-NWA-290824-006A,1,12,Lepomis gibbosus,39,134,2024
2024 Lake Chubsucker - St. Clair NWA,2024-LCS-NWA-290824-006A,1,1,Micropterus nigricans,97,97,2024
2024 Lake Chubsucker - St. Clair NWA,2024-LCS-NWA-030924-001A,1,0,No fish captured,,,2024
2024 Lake Chubsucker - St. Clair NWA,2024-LCS-NWA-030924-002A,1,1,Amia ocellicauda,442,442,2024
2024 Lake Chubsucker - St. Clair NWA,2024-LCS-NWA-030924-002A,1,1,Notemigonus crysoleucas,64,64,2024
2024 Lake Chubsucker - St. Clair NWA,2024-LCS-NWA-030924-002A,1,1,Pomoxis nigromaculatus,224,224,2024
2024 Lake Chubsucker - St. Clair NWA,2024-LCS-NWA-030924-002A,1,7,Lepomis gibbosus,44,152,2024
2024 Lake Chubsucker - St. Clair NWA,2024-LCS-NWA-030924-002A,1,2,Lepomis macrochirus,89,196,2024
2024 Lake Chubsucker - St. Clair NWA,2024-LCS-NWA-030924-003A,1,1,Amia ocellicauda,475,475,2024
2024 Lake Chubsucker - St. Clair NWA,2024-LCS-NWA-030924-003A,1,4,Lepomis macrochirus,43,174,2024
2024 Lake Chubsucker - St. Clair NWA,2024-LCS-NWA-030924-003A,1,6,Lepomis gibbosus,44,206,2024
2024 Lake Chubsucker - St. Clair NWA,2024-LCS-NWA-030924-004A,1,1,Amia ocellicauda,413,413,2024
2024 Lake Chubsucker - St. Clair NWA,2024-LCS-NWA-030924-004A,1,1,Pomoxis nigromaculatus,292,292,2024
2024 Lake Chubsucker - St. Clair NWA,2024-LCS-NWA-030924-004A,1,3,Lepomis macrochirus,99,215,2024
2024 Lake Chubsucker - St. Clair NWA,2024-LCS-NWA-030924-004A,1,5,Lepomis gibbosus,52,86,2024
2024 Lake Chubsucker - St. Clair NWA,2024-LCS-NWA-030924-004A,1,1,Notemigonus crysoleucas,64,64,2024
2024 Lake Chubsucker - St. Clair NWA,2024-LCS-NWA-030924-005A,1,7,Lepomis gibbosus,42,52,2024
2024 Lake Chubsucker - St. Clair NWA,2024-LCS-NWA-030924-005A,1,1,Lepomis macrochirus,43,43,2024
2024 Lake Chubsucker - St. Clair NWA,2024-LCS-NWA-040924-001A,1,0,No fish captured,,,2024
2024 Lake Chubsucker - St. Clair NWA,2024-LCS-NWA-040924-002A,1,1,Cyprinus carpio,595,595,2024
2024 Lake Chubsucker - St. Clair NWA,2024-LCS-NWA-040924-002A,1,8,Notemigonus crysoleucas,58,69,2024
2024 Lake Chubsucker - St. Clair NWA,2024-LCS-NWA-040924-002A,1,1,Micropterus nigricans,95,95,2024
2024 Lake Chubsucker - St. Clair NWA,2024-LCS-NWA-040924-002A,1,1,Lepomis gibbosus,43,43,2024
2024 Lake Chubsucker - St. Clair NWA,2024-LCS-NWA-040924-002A,1,1,Erimyzon sucetta,85,85,2024
2024 Lake Chubsucker - St. Clair NWA,2024-LCS-NWA-040924-003A,1,1,Amia ocellicauda,560,560,2024
2024 Lake Chubsucker - St. Clair NWA,2024-LCS-NWA-040924-003A,1,2,Notemigonus crysoleucas,63,64,2024
2024 Lake Chubsucker - St. Clair NWA,2024-LCS-NWA-040924-003A,1,4,Lepomis macrochirus,49,90,2024
2024 Lake Chubsucker - St. Clair NWA,2024-LCS-NWA-040924-003A,1,4,Lepomis gibbosus,46,99,2024
2024 Lake Chubsucker - St. Clair NWA,2024-LCS-NWA-040924-003A,1,1,Erimyzon sucetta,62,62,2024
